file,parliament_year,chamber,n_lines,n_cols
https://pdf.swedeb.se/riksdagen-motions-pdf/1867/mot_1867__ak__00133/mot_1867__ak__00133_032.pdf,1867,ak,40,1
https://pdf.swedeb.se/riksdagen-motions-pdf/1867/mot_1867__ak__00019/mot_1867__ak__00019_002.pdf,1867,ak,26,1
https://pdf.swedeb.se/riksdagen-motions-pdf/1867/mot_1867__ak__00089/mot_1867__ak__00089_002.pdf,1867,ak,30,1
https://pdf.swedeb.se/riksdagen-motions-pdf/1867/mot_1867__fk__00060/mot_1867__fk__00060_001.pdf,1867,fk,31,1
https://pdf.swedeb.se/riksdagen-motions-pdf/1867/mot_1867__fk__00015/mot_1867__fk__00015_003.pdf,1867,fk,41,1
https://pdf.swedeb.se/riksdagen-motions-pdf/1867/mot_1867__fk__00068/mot_1867__fk__00068_005.pdf,1867,fk,31,1
https://pdf.swedeb.se/riksdagen-motions-pdf/1868/mot_1868__ak__00249/mot_1868__ak__00249_001.pdf,1868,ak,25,1
https://pdf.swedeb.se/riksdagen-motions-pdf/1868/mot_1868__ak__00306/mot_1868__ak__00306_002.pdf,1868,ak,36,1
https://pdf.swedeb.se/riksdagen-motions-pdf/1868/mot_1868__ak__00136/mot_1868__ak__00136_001.pdf,1868,ak,21,1
https://pdf.swedeb.se/riksdagen-motions-pdf/1868/mot_1868__fk__00075/mot_1868__fk__00075_003.pdf,1868,fk,28,1
https://pdf.swedeb.se/riksdagen-motions-pdf/1868/mot_1868__fk__00005/mot_1868__fk__00005_001.pdf,1868,fk,27,1
https://pdf.swedeb.se/riksdagen-motions-pdf/1868/mot_1868__fk__00001/mot_1868__fk__00001_003.pdf,1868,fk,18,1
https://pdf.swedeb.se/riksdagen-motions-pdf/1869/mot_1869__ak__00186/mot_1869__ak__00186_001.pdf,1869,ak,27,1
https://pdf.swedeb.se/riksdagen-motions-pdf/1869/mot_1869__ak__00013/mot_1869__ak__00013_003.pdf,1869,ak,29,1
https://pdf.swedeb.se/riksdagen-motions-pdf/1869/mot_1869__ak__00046/mot_1869__ak__00046_001.pdf,1869,ak,23,1
https://pdf.swedeb.se/riksdagen-motions-pdf/1869/mot_1869__fk__00029/mot_1869__fk__00029_003.pdf,1869,fk,35,1
https://pdf.swedeb.se/riksdagen-motions-pdf/1869/mot_1869__fk__00045/mot_1869__fk__00045_002.pdf,1869,fk,41,1
https://pdf.swedeb.se/riksdagen-motions-pdf/1869/mot_1869__fk__00017/mot_1869__fk__00017_001.pdf,1869,fk,32,1
https://pdf.swedeb.se/riksdagen-motions-pdf/1870/mot_1870__ak__00045/mot_1870__ak__00045_002.pdf,1870,ak,24,1
https://pdf.swedeb.se/riksdagen-motions-pdf/1870/mot_1870__ak__00239/mot_1870__ak__00239_001.pdf,1870,ak,31,1
https://pdf.swedeb.se/riksdagen-motions-pdf/1870/mot_1870__ak__00009/mot_1870__ak__00009_002.pdf,1870,ak,29,1
https://pdf.swedeb.se/riksdagen-motions-pdf/1870/mot_1870__fk__00034/mot_1870__fk__00034_004.pdf,1870,fk,89,1
https://pdf.swedeb.se/riksdagen-motions-pdf/1870/mot_1870__fk__00030/mot_1870__fk__00030_001.pdf,1870,fk,29,1
https://pdf.swedeb.se/riksdagen-motions-pdf/1870/mot_1870__fk__00002/mot_1870__fk__00002_005.pdf,1870,fk,35,1
https://pdf.swedeb.se/riksdagen-motions-pdf/1871/mot_1871__ak__00130/mot_1871__ak__00130_011.pdf,1871,ak,40,1
https://pdf.swedeb.se/riksdagen-motions-pdf/1871/mot_1871__ak__00128/mot_1871__ak__00128_001.pdf,1871,ak,29,1
https://pdf.swedeb.se/riksdagen-motions-pdf/1871/mot_1871__ak__00119/mot_1871__ak__00119_001.pdf,1871,ak,27,1
https://pdf.swedeb.se/riksdagen-motions-pdf/1871/mot_1871__fk__00025/mot_1871__fk__00025_002.pdf,1871,fk,48,1
https://pdf.swedeb.se/riksdagen-motions-pdf/1871/mot_1871__fk__00014/mot_1871__fk__00014_007.pdf,1871,fk,37,1
https://pdf.swedeb.se/riksdagen-motions-pdf/1871/mot_1871__fk__00014/mot_1871__fk__00014_006.pdf,1871,fk,39,1
https://pdf.swedeb.se/riksdagen-motions-pdf/1872/mot_1872__ak__00150/mot_1872__ak__00150_004.pdf,1872,ak,40,1
https://pdf.swedeb.se/riksdagen-motions-pdf/1872/mot_1872__ak__00005/mot_1872__ak__00005_002.pdf,1872,ak,40,1
https://pdf.swedeb.se/riksdagen-motions-pdf/1872/mot_1872__ak__00199/mot_1872__ak__00199_002.pdf,1872,ak,19,1
https://pdf.swedeb.se/riksdagen-motions-pdf/1872/mot_1872__fk__00022/mot_1872__fk__00022_002.pdf,1872,fk,25,1
https://pdf.swedeb.se/riksdagen-motions-pdf/1872/mot_1872__fk__00017/mot_1872__fk__00017_007.pdf,1872,fk,31,1
https://pdf.swedeb.se/riksdagen-motions-pdf/1872/mot_1872__fk__00023/mot_1872__fk__00023_004.pdf,1872,fk,31,1
https://pdf.swedeb.se/riksdagen-motions-pdf/1873/mot_1873__ak__00049/mot_1873__ak__00049_001.pdf,1873,ak,25,1
https://pdf.swedeb.se/riksdagen-motions-pdf/1873/mot_1873__ak__00157/mot_1873__ak__00157_001.pdf,1873,ak,25,1
https://pdf.swedeb.se/riksdagen-motions-pdf/1873/mot_1873__ak__00130/mot_1873__ak__00130_003.pdf,1873,ak,34,1
https://pdf.swedeb.se/riksdagen-motions-pdf/1873/mot_1873__fk__00025/mot_1873__fk__00025_003.pdf,1873,fk,23,1
https://pdf.swedeb.se/riksdagen-motions-pdf/1873/mot_1873__fk__00040/mot_1873__fk__00040_011.pdf,1873,fk,41,1
https://pdf.swedeb.se/riksdagen-motions-pdf/1873/mot_1873__fk__00014/mot_1873__fk__00014_002.pdf,1873,fk,39,1
https://pdf.swedeb.se/riksdagen-motions-pdf/1874/mot_1874__ak__00156/mot_1874__ak__00156_001.pdf,1874,ak,21,1
https://pdf.swedeb.se/riksdagen-motions-pdf/1874/mot_1874__ak__00174/mot_1874__ak__00174_002.pdf,1874,ak,40,1
https://pdf.swedeb.se/riksdagen-motions-pdf/1874/mot_1874__ak__00091/mot_1874__ak__00091_001.pdf,1874,ak,27,1
https://pdf.swedeb.se/riksdagen-motions-pdf/1874/mot_1874__fk__00012/mot_1874__fk__00012_001.pdf,1874,fk,24,1
https://pdf.swedeb.se/riksdagen-motions-pdf/1874/mot_1874__fk__00003/mot_1874__fk__00003_001.pdf,1874,fk,28,1
https://pdf.swedeb.se/riksdagen-motions-pdf/1874/mot_1874__fk__00025/mot_1874__fk__00025_001.pdf,1874,fk,28,1
https://pdf.swedeb.se/riksdagen-motions-pdf/1875/mot_1875__ak__00173/mot_1875__ak__00173_004.pdf,1875,ak,10,1
https://pdf.swedeb.se/riksdagen-motions-pdf/1875/mot_1875__ak__00095/mot_1875__ak__00095_001.pdf,1875,ak,21,1
https://pdf.swedeb.se/riksdagen-motions-pdf/1875/mot_1875__ak__00170/mot_1875__ak__00170_002.pdf,1875,ak,27,1
https://pdf.swedeb.se/riksdagen-motions-pdf/1875/mot_1875__fk__00041/mot_1875__fk__00041_008.pdf,1875,fk,40,1
https://pdf.swedeb.se/riksdagen-motions-pdf/1875/mot_1875__fk__fört/mot_1875__fk__fört_003.pdf,1875,fk,40,1
https://pdf.swedeb.se/riksdagen-motions-pdf/1875/mot_1875__fk__00041/mot_1875__fk__00041_002.pdf,1875,fk,40,1
https://pdf.swedeb.se/riksdagen-motions-pdf/1876/mot_1876__ak__00002/mot_1876__ak__00002_002.pdf,1876,ak,39,1
https://pdf.swedeb.se/riksdagen-motions-pdf/1876/mot_1876__ak__00084/mot_1876__ak__00084_005.pdf,1876,ak,31,1
https://pdf.swedeb.se/riksdagen-motions-pdf/1876/mot_1876__ak__00063/mot_1876__ak__00063_002.pdf,1876,ak,39,1
https://pdf.swedeb.se/riksdagen-motions-pdf/1876/mot_1876__fk__00046/mot_1876__fk__00046_003.pdf,1876,fk,17,1
https://pdf.swedeb.se/riksdagen-motions-pdf/1876/mot_1876__fk__00001/mot_1876__fk__00001_003.pdf,1876,fk,39,1
https://pdf.swedeb.se/riksdagen-motions-pdf/1876/mot_1876__fk__00014/mot_1876__fk__00014_002.pdf,1876,fk,23,1
https://pdf.swedeb.se/riksdagen-motions-pdf/1877/mot_1877__ak__fört/mot_1877__ak__fört_004.pdf,1877,ak,37,1
https://pdf.swedeb.se/riksdagen-motions-pdf/1877/mot_1877__ak__00004/mot_1877__ak__00004_002.pdf,1877,ak,28,1
https://pdf.swedeb.se/riksdagen-motions-pdf/1877/mot_1877__ak__00078/mot_1877__ak__00078_002.pdf,1877,ak,25,1
https://pdf.swedeb.se/riksdagen-motions-pdf/1877/mot_1877__fk__00009/mot_1877__fk__00009_004.pdf,1877,fk,39,1
https://pdf.swedeb.se/riksdagen-motions-pdf/1877/mot_1877__fk__00005/mot_1877__fk__00005_004.pdf,1877,fk,38,1
https://pdf.swedeb.se/riksdagen-motions-pdf/1877/mot_1877__fk__00038/mot_1877__fk__00038_001.pdf,1877,fk,26,1
https://pdf.swedeb.se/riksdagen-motions-pdf/1878/mot_1878__ak__00155/mot_1878__ak__00155_001.pdf,1878,ak,23,1
https://pdf.swedeb.se/riksdagen-motions-pdf/1878/mot_1878__ak__00010/mot_1878__ak__00010_003.pdf,1878,ak,32,1
https://pdf.swedeb.se/riksdagen-motions-pdf/1878/mot_1878__ak__00125/mot_1878__ak__00125_002.pdf,1878,ak,40,1
https://pdf.swedeb.se/riksdagen-motions-pdf/1878/mot_1878__fk__00009/mot_1878__fk__00009_026.pdf,1878,fk,39,1
https://pdf.swedeb.se/riksdagen-motions-pdf/1878/mot_1878__fk__00030/mot_1878__fk__00030_006.pdf,1878,fk,20,1
https://pdf.swedeb.se/riksdagen-motions-pdf/1878/mot_1878__fk__00013/mot_1878__fk__00013_004.pdf,1878,fk,28,1
https://pdf.swedeb.se/riksdagen-motions-pdf/1879/mot_1879__ak__00019/mot_1879__ak__00019_001.pdf,1879,ak,27,1
https://pdf.swedeb.se/riksdagen-motions-pdf/1879/mot_1879__ak__00020/mot_1879__ak__00020_003.pdf,1879,ak,24,1
https://pdf.swedeb.se/riksdagen-motions-pdf/1879/mot_1879__ak__reg/mot_1879__ak__reg_002.pdf,1879,ak,30,1
https://pdf.swedeb.se/riksdagen-motions-pdf/1879/mot_1879__fk__00003/mot_1879__fk__00003_001.pdf,1879,fk,25,1
https://pdf.swedeb.se/riksdagen-motions-pdf/1879/mot_1879__fk__00028/mot_1879__fk__00028_002.pdf,1879,fk,41,1
https://pdf.swedeb.se/riksdagen-motions-pdf/1879/mot_1879__fk__00001/mot_1879__fk__00001_055.pdf,1879,fk,30,1
https://pdf.swedeb.se/riksdagen-motions-pdf/1880/mot_1880__ak__00022/mot_1880__ak__00022_001.pdf,1880,ak,25,1
https://pdf.swedeb.se/riksdagen-motions-pdf/1880/mot_1880__ak__00121/mot_1880__ak__00121_003.pdf,1880,ak,25,1
https://pdf.swedeb.se/riksdagen-motions-pdf/1880/mot_1880__ak__00040/mot_1880__ak__00040_003.pdf,1880,ak,30,1
https://pdf.swedeb.se/riksdagen-motions-pdf/1880/mot_1880__fk__00041/mot_1880__fk__00041_002.pdf,1880,fk,38,1
https://pdf.swedeb.se/riksdagen-motions-pdf/1880/mot_1880__fk__00036/mot_1880__fk__00036_002.pdf,1880,fk,38,1
https://pdf.swedeb.se/riksdagen-motions-pdf/1880/mot_1880__fk__00030/mot_1880__fk__00030_002.pdf,1880,fk,40,1
https://pdf.swedeb.se/riksdagen-motions-pdf/1881/mot_1881__ak__00071/mot_1881__ak__00071_002.pdf,1881,ak,36,1
https://pdf.swedeb.se/riksdagen-motions-pdf/1881/mot_1881__ak__00111/mot_1881__ak__00111_003.pdf,1881,ak,36,1
https://pdf.swedeb.se/riksdagen-motions-pdf/1881/mot_1881__ak__00138/mot_1881__ak__00138_002.pdf,1881,ak,40,1
https://pdf.swedeb.se/riksdagen-motions-pdf/1881/mot_1881__fk__00016/mot_1881__fk__00016_001.pdf,1881,fk,28,1
https://pdf.swedeb.se/riksdagen-motions-pdf/1881/mot_1881__fk__00006/mot_1881__fk__00006_163.pdf,1881,fk,32,1
https://pdf.swedeb.se/riksdagen-motions-pdf/1881/mot_1881__fk__00006/mot_1881__fk__00006_174.pdf,1881,fk,40,1
https://pdf.swedeb.se/riksdagen-motions-pdf/1882/mot_1882__ak__00042/mot_1882__ak__00042_005.pdf,1882,ak,40,1
https://pdf.swedeb.se/riksdagen-motions-pdf/1882/mot_1882__ak__00020/mot_1882__ak__00020_001.pdf,1882,ak,24,1
https://pdf.swedeb.se/riksdagen-motions-pdf/1882/mot_1882__ak__00111/mot_1882__ak__00111_002.pdf,1882,ak,23,1
https://pdf.swedeb.se/riksdagen-motions-pdf/1882/mot_1882__fk__00001/mot_1882__fk__00001_016.pdf,1882,fk,14,1
https://pdf.swedeb.se/riksdagen-motions-pdf/1882/mot_1882__fk__00022/mot_1882__fk__00022_001.pdf,1882,fk,23,1
https://pdf.swedeb.se/riksdagen-motions-pdf/1882/mot_1882__fk__00009/mot_1882__fk__00009_005.pdf,1882,fk,29,1
https://pdf.swedeb.se/riksdagen-motions-pdf/1883/mot_1883__ak__00045/mot_1883__ak__00045_003.pdf,1883,ak,40,1
https://pdf.swedeb.se/riksdagen-motions-pdf/1883/mot_1883__ak__00050/mot_1883__ak__00050_002.pdf,1883,ak,36,1
https://pdf.swedeb.se/riksdagen-motions-pdf/1883/mot_1883__ak__00103/mot_1883__ak__00103_004.pdf,1883,ak,27,1
https://pdf.swedeb.se/riksdagen-motions-pdf/1883/mot_1883__fk__00002/mot_1883__fk__00002_064.pdf,1883,fk,35,1
https://pdf.swedeb.se/riksdagen-motions-pdf/1883/mot_1883__fk__00002/mot_1883__fk__00002_001.pdf,1883,fk,24,1
https://pdf.swedeb.se/riksdagen-motions-pdf/1883/mot_1883__fk__00002/mot_1883__fk__00002_126.pdf,1883,fk,40,1
https://pdf.swedeb.se/riksdagen-motions-pdf/1884/mot_1884__ak__00011/mot_1884__ak__00011_001.pdf,1884,ak,25,1
https://pdf.swedeb.se/riksdagen-motions-pdf/1884/mot_1884__ak__00123/mot_1884__ak__00123_016.pdf,1884,ak,34,1
https://pdf.swedeb.se/riksdagen-motions-pdf/1884/mot_1884__ak__00011/mot_1884__ak__00011_015.pdf,1884,ak,45,1
https://pdf.swedeb.se/riksdagen-motions-pdf/1884/mot_1884__fk__00003/mot_1884__fk__00003_003.pdf,1884,fk,40,1
https://pdf.swedeb.se/riksdagen-motions-pdf/1884/mot_1884__fk__00003/mot_1884__fk__00003_008.pdf,1884,fk,40,1
https://pdf.swedeb.se/riksdagen-motions-pdf/1884/mot_1884__fk__00039/mot_1884__fk__00039_028.pdf,1884,fk,34,1
https://pdf.swedeb.se/riksdagen-motions-pdf/1885/mot_1885__ak__00005/mot_1885__ak__00005_001.pdf,1885,ak,28,1
https://pdf.swedeb.se/riksdagen-motions-pdf/1885/mot_1885__ak__fört/mot_1885__ak__fört_007.pdf,1885,ak,40,1
https://pdf.swedeb.se/riksdagen-motions-pdf/1885/mot_1885__ak__00134/mot_1885__ak__00134_001.pdf,1885,ak,15,1
https://pdf.swedeb.se/riksdagen-motions-pdf/1885/mot_1885__fk__00004/mot_1885__fk__00004_019.pdf,1885,fk,34,2
https://pdf.swedeb.se/riksdagen-motions-pdf/1885/mot_1885__fk__00050/mot_1885__fk__00050_001.pdf,1885,fk,22,1
https://pdf.swedeb.se/riksdagen-motions-pdf/1885/mot_1885__fk__00018/mot_1885__fk__00018_051.pdf,1885,fk,34,1
https://pdf.swedeb.se/riksdagen-motions-pdf/1886/mot_1886__ak__00157/mot_1886__ak__00157_005.pdf,1886,ak,38,1
https://pdf.swedeb.se/riksdagen-motions-pdf/1886/mot_1886__ak__00083/mot_1886__ak__00083_003.pdf,1886,ak,38,1
https://pdf.swedeb.se/riksdagen-motions-pdf/1886/mot_1886__ak__00013/mot_1886__ak__00013_002.pdf,1886,ak,40,1
https://pdf.swedeb.se/riksdagen-motions-pdf/1886/mot_1886__fk__00038/mot_1886__fk__00038_007.pdf,1886,fk,39,1
https://pdf.swedeb.se/riksdagen-motions-pdf/1886/mot_1886__fk__00033/mot_1886__fk__00033_010.pdf,1886,fk,39,1
https://pdf.swedeb.se/riksdagen-motions-pdf/1886/mot_1886__fk__00046/mot_1886__fk__00046_027.pdf,1886,fk,31,1
https://pdf.swedeb.se/riksdagen-motions-pdf/1887/mot_1887_janmar_ak__00090/mot_1887_janmar_ak__00090_001.pdf,1887,ak,27,1
https://pdf.swedeb.se/riksdagen-motions-pdf/1887/mot_1887_majjul_ak__00032/mot_1887_majjul_ak__00032_002.pdf,1887,ak,28,1
https://pdf.swedeb.se/riksdagen-motions-pdf/1887/mot_1887_janmar_ak__00127/mot_1887_janmar_ak__00127_005.pdf,1887,ak,24,1
https://pdf.swedeb.se/riksdagen-motions-pdf/1887/mot_1887_majjul_fk__00023/mot_1887_majjul_fk__00023_003.pdf,1887,fk,41,1
https://pdf.swedeb.se/riksdagen-motions-pdf/1887/mot_1887_janmar_fk__00013/mot_1887_janmar_fk__00013_012.pdf,1887,fk,33,1
https://pdf.swedeb.se/riksdagen-motions-pdf/1887/mot_1887_janmar_fk__00009/mot_1887_janmar_fk__00009_005.pdf,1887,fk,38,1
https://pdf.swedeb.se/riksdagen-motions-pdf/1888/mot_1888__ak__00085/mot_1888__ak__00085_002.pdf,1888,ak,39,1
https://pdf.swedeb.se/riksdagen-motions-pdf/1888/mot_1888__ak__00181/mot_1888__ak__00181_001.pdf,1888,ak,29,1
https://pdf.swedeb.se/riksdagen-motions-pdf/1888/mot_1888__ak__00098/mot_1888__ak__00098_001.pdf,1888,ak,24,1
https://pdf.swedeb.se/riksdagen-motions-pdf/1888/mot_1888__fk__00073/mot_1888__fk__00073_004.pdf,1888,fk,37,1
https://pdf.swedeb.se/riksdagen-motions-pdf/1888/mot_1888__fk__00047/mot_1888__fk__00047_001.pdf,1888,fk,28,1
https://pdf.swedeb.se/riksdagen-motions-pdf/1888/mot_1888__fk__00037/mot_1888__fk__00037_006.pdf,1888,fk,25,1
https://pdf.swedeb.se/riksdagen-motions-pdf/1889/mot_1889__ak__00087/mot_1889__ak__00087_004.pdf,1889,ak,22,1
https://pdf.swedeb.se/riksdagen-motions-pdf/1889/mot_1889__ak__00036/mot_1889__ak__00036_001.pdf,1889,ak,20,1
https://pdf.swedeb.se/riksdagen-motions-pdf/1889/mot_1889__ak__00070/mot_1889__ak__00070_001.pdf,1889,ak,27,1
https://pdf.swedeb.se/riksdagen-motions-pdf/1889/mot_1889__fk__00035/mot_1889__fk__00035_001.pdf,1889,fk,23,1
https://pdf.swedeb.se/riksdagen-motions-pdf/1889/mot_1889__fk__00013/mot_1889__fk__00013_002.pdf,1889,fk,40,1
https://pdf.swedeb.se/riksdagen-motions-pdf/1889/mot_1889__fk__00055/mot_1889__fk__00055_008.pdf,1889,fk,35,1
https://pdf.swedeb.se/riksdagen-motions-pdf/1890/mot_1890__ak__00042/mot_1890__ak__00042_002.pdf,1890,ak,37,1
https://pdf.swedeb.se/riksdagen-motions-pdf/1890/mot_1890__ak__00096/mot_1890__ak__00096_002.pdf,1890,ak,37,1
https://pdf.swedeb.se/riksdagen-motions-pdf/1890/mot_1890__ak__00001/mot_1890__ak__00001_006.pdf,1890,ak,26,1
https://pdf.swedeb.se/riksdagen-motions-pdf/1890/mot_1890__fk__00001/mot_1890__fk__00001_011.pdf,1890,fk,39,1
https://pdf.swedeb.se/riksdagen-motions-pdf/1890/mot_1890__fk__00019/mot_1890__fk__00019_010.pdf,1890,fk,40,1
https://pdf.swedeb.se/riksdagen-motions-pdf/1890/mot_1890__fk__00019/mot_1890__fk__00019_001.pdf,1890,fk,26,1
https://pdf.swedeb.se/riksdagen-motions-pdf/1891/mot_1891__ak__00072/mot_1891__ak__00072_003.pdf,1891,ak,9,1
https://pdf.swedeb.se/riksdagen-motions-pdf/1891/mot_1891__ak__00161/mot_1891__ak__00161_002.pdf,1891,ak,37,1
https://pdf.swedeb.se/riksdagen-motions-pdf/1891/mot_1891__ak__00026/mot_1891__ak__00026_002.pdf,1891,ak,34,1
https://pdf.swedeb.se/riksdagen-motions-pdf/1891/mot_1891__fk__00029/mot_1891__fk__00029_002.pdf,1891,fk,21,1
https://pdf.swedeb.se/riksdagen-motions-pdf/1891/mot_1891__fk__00031/mot_1891__fk__00031_001.pdf,1891,fk,17,1
https://pdf.swedeb.se/riksdagen-motions-pdf/1891/mot_1891__fk__00044/mot_1891__fk__00044_001.pdf,1891,fk,24,1
https://pdf.swedeb.se/riksdagen-motions-pdf/1892/mot_1892_urtima_ak__00019/mot_1892_urtima_ak__00019_044.pdf,1892,ak,12,1
https://pdf.swedeb.se/riksdagen-motions-pdf/1892/mot_1892__ak__00060/mot_1892__ak__00060_001.pdf,1892,ak,16,1
https://pdf.swedeb.se/riksdagen-motions-pdf/1892/mot_1892__ak__00119/mot_1892__ak__00119_004.pdf,1892,ak,27,1
https://pdf.swedeb.se/riksdagen-motions-pdf/1892/mot_1892__fk__00030/mot_1892__fk__00030_002.pdf,1892,fk,40,1
https://pdf.swedeb.se/riksdagen-motions-pdf/1892/mot_1892__fk__00004/mot_1892__fk__00004_106.pdf,1892,fk,18,1
https://pdf.swedeb.se/riksdagen-motions-pdf/1892/mot_1892__fk__00035/mot_1892__fk__00035_002.pdf,1892,fk,31,1
https://pdf.swedeb.se/riksdagen-motions-pdf/1893/mot_1893__ak__00126/mot_1893__ak__00126_003.pdf,1893,ak,32,1
https://pdf.swedeb.se/riksdagen-motions-pdf/1893/mot_1893__ak__00105/mot_1893__ak__00105_003.pdf,1893,ak,37,1
https://pdf.swedeb.se/riksdagen-motions-pdf/1893/mot_1893__ak__00212/mot_1893__ak__00212_003.pdf,1893,ak,39,1
https://pdf.swedeb.se/riksdagen-motions-pdf/1893/mot_1893__fk__00025/mot_1893__fk__00025_002.pdf,1893,fk,39,1
https://pdf.swedeb.se/riksdagen-motions-pdf/1893/mot_1893__fk__00025/mot_1893__fk__00025_005.pdf,1893,fk,41,1
https://pdf.swedeb.se/riksdagen-motions-pdf/1893/mot_1893__fk__00020/mot_1893__fk__00020_006.pdf,1893,fk,40,1
https://pdf.swedeb.se/riksdagen-motions-pdf/1894/mot_1894__ak__00166/mot_1894__ak__00166_003.pdf,1894,ak,40,1
https://pdf.swedeb.se/riksdagen-motions-pdf/1894/mot_1894__ak__00160/mot_1894__ak__00160_002.pdf,1894,ak,38,1
https://pdf.swedeb.se/riksdagen-motions-pdf/1894/mot_1894__ak__00147/mot_1894__ak__00147_002.pdf,1894,ak,39,1
https://pdf.swedeb.se/riksdagen-motions-pdf/1894/mot_1894__fk__00021/mot_1894__fk__00021_002.pdf,1894,fk,40,1
https://pdf.swedeb.se/riksdagen-motions-pdf/1894/mot_1894__fk__00005/mot_1894__fk__00005_037.pdf,1894,fk,16,1
https://pdf.swedeb.se/riksdagen-motions-pdf/1894/mot_1894__fk__00005/mot_1894__fk__00005_022.pdf,1894,fk,45,1
https://pdf.swedeb.se/riksdagen-motions-pdf/1895/mot_1895__ak__00088/mot_1895__ak__00088_002.pdf,1895,ak,40,1
https://pdf.swedeb.se/riksdagen-motions-pdf/1895/mot_1895__ak__00134/mot_1895__ak__00134_002.pdf,1895,ak,28,1
https://pdf.swedeb.se/riksdagen-motions-pdf/1895/mot_1895__ak__00096/mot_1895__ak__00096_006.pdf,1895,ak,29,1
https://pdf.swedeb.se/riksdagen-motions-pdf/1895/mot_1895__fk__00001/mot_1895__fk__00001_061.pdf,1895,fk,37,1
https://pdf.swedeb.se/riksdagen-motions-pdf/1895/mot_1895__fk__00001/mot_1895__fk__00001_052.pdf,1895,fk,35,1
https://pdf.swedeb.se/riksdagen-motions-pdf/1895/mot_1895__fk__00050/mot_1895__fk__00050_003.pdf,1895,fk,40,1
https://pdf.swedeb.se/riksdagen-motions-pdf/1896/mot_1896__ak__00102/mot_1896__ak__00102_002.pdf,1896,ak,19,1
https://pdf.swedeb.se/riksdagen-motions-pdf/1896/mot_1896__ak__00084/mot_1896__ak__00084_004.pdf,1896,ak,40,1
https://pdf.swedeb.se/riksdagen-motions-pdf/1896/mot_1896__ak__00087/mot_1896__ak__00087_002.pdf,1896,ak,14,1
https://pdf.swedeb.se/riksdagen-motions-pdf/1896/mot_1896__fk__00042/mot_1896__fk__00042_003.pdf,1896,fk,40,1
https://pdf.swedeb.se/riksdagen-motions-pdf/1896/mot_1896__fk__00053/mot_1896__fk__00053_003.pdf,1896,fk,39,1
https://pdf.swedeb.se/riksdagen-motions-pdf/1896/mot_1896__fk__reg/mot_1896__fk__reg_003.pdf,1896,fk,24,1
https://pdf.swedeb.se/riksdagen-motions-pdf/1897/mot_1897__ak__00097/mot_1897__ak__00097_003.pdf,1897,ak,23,1
https://pdf.swedeb.se/riksdagen-motions-pdf/1897/mot_1897__ak__00012/mot_1897__ak__00012_016.pdf,1897,ak,35,1
https://pdf.swedeb.se/riksdagen-motions-pdf/1897/mot_1897__ak__00154/mot_1897__ak__00154_048.pdf,1897,ak,40,1
https://pdf.swedeb.se/riksdagen-motions-pdf/1897/mot_1897__fk__00036/mot_1897__fk__00036_001.pdf,1897,fk,23,1
https://pdf.swedeb.se/riksdagen-motions-pdf/1897/mot_1897__fk__00003/mot_1897__fk__00003_018.pdf,1897,fk,39,1
https://pdf.swedeb.se/riksdagen-motions-pdf/1897/mot_1897__fk__00011/mot_1897__fk__00011_005.pdf,1897,fk,22,1
https://pdf.swedeb.se/riksdagen-motions-pdf/1898/mot_1898__ak__00144/mot_1898__ak__00144_002.pdf,1898,ak,40,1
https://pdf.swedeb.se/riksdagen-motions-pdf/1898/mot_1898__ak__00084/mot_1898__ak__00084_003.pdf,1898,ak,39,1
https://pdf.swedeb.se/riksdagen-motions-pdf/1898/mot_1898__ak__00084/mot_1898__ak__00084_002.pdf,1898,ak,40,1
https://pdf.swedeb.se/riksdagen-motions-pdf/1898/mot_1898__fk__00004/mot_1898__fk__00004_002.pdf,1898,fk,22,1
https://pdf.swedeb.se/riksdagen-motions-pdf/1898/mot_1898__fk__00038/mot_1898__fk__00038_001.pdf,1898,fk,22,1
https://pdf.swedeb.se/riksdagen-motions-pdf/1898/mot_1898__fk__00010/mot_1898__fk__00010_004.pdf,1898,fk,40,1
https://pdf.swedeb.se/riksdagen-motions-pdf/1899/mot_1899__ak__00223/mot_1899__ak__00223_002.pdf,1899,ak,40,1
https://pdf.swedeb.se/riksdagen-motions-pdf/1899/mot_1899__ak__00033/mot_1899__ak__00033_002.pdf,1899,ak,38,1
https://pdf.swedeb.se/riksdagen-motions-pdf/1899/mot_1899__ak__00116/mot_1899__ak__00116_002.pdf,1899,ak,38,1
https://pdf.swedeb.se/riksdagen-motions-pdf/1899/mot_1899__fk__00029/mot_1899__fk__00029_017.pdf,1899,fk,34,1
https://pdf.swedeb.se/riksdagen-motions-pdf/1899/mot_1899__fk__00018/mot_1899__fk__00018_003.pdf,1899,fk,34,1
https://pdf.swedeb.se/riksdagen-motions-pdf/1899/mot_1899__fk__00035/mot_1899__fk__00035_001.pdf,1899,fk,34,1
https://pdf.swedeb.se/riksdagen-motions-pdf/1900/mot_1900__ak__00152/mot_1900__ak__00152_059.pdf,1900,ak,40,1
https://pdf.swedeb.se/riksdagen-motions-pdf/1900/mot_1900__ak__00001/mot_1900__ak__00001_003.pdf,1900,ak,40,1
https://pdf.swedeb.se/riksdagen-motions-pdf/1900/mot_1900__ak__00031/mot_1900__ak__00031_005.pdf,1900,ak,30,1
https://pdf.swedeb.se/riksdagen-motions-pdf/1900/mot_1900__fk__00024/mot_1900__fk__00024_001.pdf,1900,fk,29,1
https://pdf.swedeb.se/riksdagen-motions-pdf/1900/mot_1900__fk__00021/mot_1900__fk__00021_021.pdf,1900,fk,22,1
https://pdf.swedeb.se/riksdagen-motions-pdf/1900/mot_1900__fk__00031/mot_1900__fk__00031_006.pdf,1900,fk,37,1
https://pdf.swedeb.se/riksdagen-motions-pdf/1901/mot_1901__ak__00094/mot_1901__ak__00094_025.pdf,1901,ak,9,1
https://pdf.swedeb.se/riksdagen-motions-pdf/1901/mot_1901__ak__00044/mot_1901__ak__00044_002.pdf,1901,ak,39,1
https://pdf.swedeb.se/riksdagen-motions-pdf/1901/mot_1901__ak__00016/mot_1901__ak__00016_004.pdf,1901,ak,26,1
https://pdf.swedeb.se/riksdagen-motions-pdf/1901/mot_1901__fk__00030/mot_1901__fk__00030_001.pdf,1901,fk,15,1
https://pdf.swedeb.se/riksdagen-motions-pdf/1901/mot_1901__fk__00012/mot_1901__fk__00012_014.pdf,1901,fk,37,1
https://pdf.swedeb.se/riksdagen-motions-pdf/1901/mot_1901__fk__00013/mot_1901__fk__00013_004.pdf,1901,fk,38,1
https://pdf.swedeb.se/riksdagen-motions-pdf/1902/mot_1902__ak__00012/mot_1902__ak__00012_005.pdf,1902,ak,38,1
https://pdf.swedeb.se/riksdagen-motions-pdf/1902/mot_1902__ak__00108/mot_1902__ak__00108_001.pdf,1902,ak,24,1
https://pdf.swedeb.se/riksdagen-motions-pdf/1902/mot_1902__ak__00197/mot_1902__ak__00197_010.pdf,1902,ak,38,1
https://pdf.swedeb.se/riksdagen-motions-pdf/1902/mot_1902__fk__00012/mot_1902__fk__00012_011.pdf,1902,fk,25,1
https://pdf.swedeb.se/riksdagen-motions-pdf/1902/mot_1902__fk__00038/mot_1902__fk__00038_001.pdf,1902,fk,26,1
https://pdf.swedeb.se/riksdagen-motions-pdf/1902/mot_1902__fk__00038/mot_1902__fk__00038_005.pdf,1902,fk,26,1
https://pdf.swedeb.se/riksdagen-motions-pdf/1903/mot_1903__ak__00074/mot_1903__ak__00074_003.pdf,1903,ak,24,1
https://pdf.swedeb.se/riksdagen-motions-pdf/1903/mot_1903__ak__00197/mot_1903__ak__00197_016.pdf,1903,ak,39,1
https://pdf.swedeb.se/riksdagen-motions-pdf/1903/mot_1903__ak__00116/mot_1903__ak__00116_005.pdf,1903,ak,40,1
https://pdf.swedeb.se/riksdagen-motions-pdf/1903/mot_1903__fk__00016/mot_1903__fk__00016_001.pdf,1903,fk,30,1
https://pdf.swedeb.se/riksdagen-motions-pdf/1903/mot_1903__fk__00024/mot_1903__fk__00024_012.pdf,1903,fk,10,1
https://pdf.swedeb.se/riksdagen-motions-pdf/1903/mot_1903__fk__00001/mot_1903__fk__00001_006.pdf,1903,fk,40,1
https://pdf.swedeb.se/riksdagen-motions-pdf/1904/mot_1904__ak__00203/mot_1904__ak__00203_008.pdf,1904,ak,38,1
https://pdf.swedeb.se/riksdagen-motions-pdf/1904/mot_1904__ak__00005/mot_1904__ak__00005_007.pdf,1904,ak,38,1
https://pdf.swedeb.se/riksdagen-motions-pdf/1904/mot_1904__ak__00181/mot_1904__ak__00181_016.pdf,1904,ak,38,1
https://pdf.swedeb.se/riksdagen-motions-pdf/1904/mot_1904__fk__00004/mot_1904__fk__00004_037.pdf,1904,fk,38,1
https://pdf.swedeb.se/riksdagen-motions-pdf/1904/mot_1904__fk__00027/mot_1904__fk__00027_001.pdf,1904,fk,24,1
https://pdf.swedeb.se/riksdagen-motions-pdf/1904/mot_1904__fk__00042/mot_1904__fk__00042_004.pdf,1904,fk,40,1
https://pdf.swedeb.se/riksdagen-motions-pdf/1905/mot_1905__ak__00248/mot_1905__ak__00248_023.pdf,1905,ak,32,1
https://pdf.swedeb.se/riksdagen-motions-pdf/1905/mot_1905__ak__00214/mot_1905__ak__00214_011.pdf,1905,ak,6,1
https://pdf.swedeb.se/riksdagen-motions-pdf/1905/mot_1905__ak__00153/mot_1905__ak__00153_002.pdf,1905,ak,26,1
https://pdf.swedeb.se/riksdagen-motions-pdf/1905/mot_1905__fk__00015/mot_1905__fk__00015_001.pdf,1905,fk,30,1
https://pdf.swedeb.se/riksdagen-motions-pdf/1905/mot_1905__fk__00020/mot_1905__fk__00020_001.pdf,1905,fk,29,1
https://pdf.swedeb.se/riksdagen-motions-pdf/1905/mot_1905__fk__00043/mot_1905__fk__00043_002.pdf,1905,fk,27,1
https://pdf.swedeb.se/riksdagen-motions-pdf/1906/mot_1906__ak__00148/mot_1906__ak__00148_048.pdf,1906,ak,37,1
https://pdf.swedeb.se/riksdagen-motions-pdf/1906/mot_1906__ak__00144/mot_1906__ak__00144_003.pdf,1906,ak,7,1
https://pdf.swedeb.se/riksdagen-motions-pdf/1906/mot_1906__ak__00057/mot_1906__ak__00057_002.pdf,1906,ak,40,1
https://pdf.swedeb.se/riksdagen-motions-pdf/1906/mot_1906__fk__00004/mot_1906__fk__00004_001.pdf,1906,fk,21,1
https://pdf.swedeb.se/riksdagen-motions-pdf/1906/mot_1906__fk__00009/mot_1906__fk__00009_011.pdf,1906,fk,38,1
https://pdf.swedeb.se/riksdagen-motions-pdf/1906/mot_1906__fk__00001/mot_1906__fk__00001_004.pdf,1906,fk,29,1
https://pdf.swedeb.se/riksdagen-motions-pdf/1907/mot_1907__ak__00267/mot_1907__ak__00267_003.pdf,1907,ak,38,1
https://pdf.swedeb.se/riksdagen-motions-pdf/1907/mot_1907__ak__00226/mot_1907__ak__00226_001.pdf,1907,ak,27,1
https://pdf.swedeb.se/riksdagen-motions-pdf/1907/mot_1907__ak__00220/mot_1907__ak__00220_003.pdf,1907,ak,36,1
https://pdf.swedeb.se/riksdagen-motions-pdf/1907/mot_1907__fk__00022/mot_1907__fk__00022_003.pdf,1907,fk,38,1
https://pdf.swedeb.se/riksdagen-motions-pdf/1907/mot_1907__fk__00072/mot_1907__fk__00072_005.pdf,1907,fk,39,1
https://pdf.swedeb.se/riksdagen-motions-pdf/1907/mot_1907__fk__00035/mot_1907__fk__00035_001.pdf,1907,fk,27,1
https://pdf.swedeb.se/riksdagen-motions-pdf/1908/mot_1908__ak__00117/mot_1908__ak__00117_008.pdf,1908,ak,25,1
https://pdf.swedeb.se/riksdagen-motions-pdf/1908/mot_1908__ak__00265/mot_1908__ak__00265_001.pdf,1908,ak,16,1
https://pdf.swedeb.se/riksdagen-motions-pdf/1908/mot_1908__ak__00032/mot_1908__ak__00032_013.pdf,1908,ak,38,1
https://pdf.swedeb.se/riksdagen-motions-pdf/1908/mot_1908__fk__00052/mot_1908__fk__00052_003.pdf,1908,fk,38,1
https://pdf.swedeb.se/riksdagen-motions-pdf/1908/mot_1908__fk__00052/mot_1908__fk__00052_007.pdf,1908,fk,36,1
https://pdf.swedeb.se/riksdagen-motions-pdf/1908/mot_1908__fk__00059/mot_1908__fk__00059_029.pdf,1908,fk,38,1
https://pdf.swedeb.se/riksdagen-motions-pdf/1909/mot_1909__ak__00081/mot_1909__ak__00081_008.pdf,1909,ak,48,1
https://pdf.swedeb.se/riksdagen-motions-pdf/1909/mot_1909__ak__00103/mot_1909__ak__00103_001.pdf,1909,ak,26,1
https://pdf.swedeb.se/riksdagen-motions-pdf/1909/mot_1909__ak__00157/mot_1909__ak__00157_001.pdf,1909,ak,26,1
https://pdf.swedeb.se/riksdagen-motions-pdf/1909/mot_1909__fk__00009/mot_1909__fk__00009_008.pdf,1909,fk,38,1
https://pdf.swedeb.se/riksdagen-motions-pdf/1909/mot_1909__fk__00068/mot_1909__fk__00068_001.pdf,1909,fk,23,1
https://pdf.swedeb.se/riksdagen-motions-pdf/1909/mot_1909__fk__00047/mot_1909__fk__00047_011.pdf,1909,fk,37,1
https://pdf.swedeb.se/riksdagen-motions-pdf/1910/mot_1910__ak__00273/mot_1910__ak__00273_001.pdf,1910,ak,29,1
https://pdf.swedeb.se/riksdagen-motions-pdf/1910/mot_1910__ak__00265/mot_1910__ak__00265_002.pdf,1910,ak,31,1
https://pdf.swedeb.se/riksdagen-motions-pdf/1910/mot_1910__ak__00248/mot_1910__ak__00248_010.pdf,1910,ak,36,1
https://pdf.swedeb.se/riksdagen-motions-pdf/1910/mot_1910__fk__00077/mot_1910__fk__00077_015.pdf,1910,fk,38,1
https://pdf.swedeb.se/riksdagen-motions-pdf/1910/mot_1910__fk__00066/mot_1910__fk__00066_001.pdf,1910,fk,25,1
https://pdf.swedeb.se/riksdagen-motions-pdf/1910/mot_1910__fk__00060/mot_1910__fk__00060_005.pdf,1910,fk,47,1
https://pdf.swedeb.se/riksdagen-motions-pdf/1911/mot_1911__ak__00146/mot_1911__ak__00146_001.pdf,1911,ak,31,1
https://pdf.swedeb.se/riksdagen-motions-pdf/1911/mot_1911__ak__00259/mot_1911__ak__00259_006.pdf,1911,ak,34,1
https://pdf.swedeb.se/riksdagen-motions-pdf/1911/mot_1911__ak__00137/mot_1911__ak__00137_002.pdf,1911,ak,36,1
https://pdf.swedeb.se/riksdagen-motions-pdf/1911/mot_1911__fk__00032/mot_1911__fk__00032_001.pdf,1911,fk,27,1
https://pdf.swedeb.se/riksdagen-motions-pdf/1911/mot_1911__fk__00014/mot_1911__fk__00014_007.pdf,1911,fk,36,1
https://pdf.swedeb.se/riksdagen-motions-pdf/1911/mot_1911__fk__00042/mot_1911__fk__00042_001.pdf,1911,fk,32,1
https://pdf.swedeb.se/riksdagen-motions-pdf/1912/mot_1912__ak__00186/mot_1912__ak__00186_002.pdf,1912,ak,38,1
https://pdf.swedeb.se/riksdagen-motions-pdf/1912/mot_1912__ak__00278/mot_1912__ak__00278_001.pdf,1912,ak,30,1
https://pdf.swedeb.se/riksdagen-motions-pdf/1912/mot_1912__ak__00327/mot_1912__ak__00327_002.pdf,1912,ak,40,1
https://pdf.swedeb.se/riksdagen-motions-pdf/1912/mot_1912__fk__00033/mot_1912__fk__00033_002.pdf,1912,fk,40,1
https://pdf.swedeb.se/riksdagen-motions-pdf/1912/mot_1912__fk__00094/mot_1912__fk__00094_023.pdf,1912,fk,40,1
https://pdf.swedeb.se/riksdagen-motions-pdf/1912/mot_1912__fk__00026/mot_1912__fk__00026_001.pdf,1912,fk,27,1
https://pdf.swedeb.se/riksdagen-motions-pdf/1913/mot_1913__ak__00004/mot_1913__ak__00004_006.pdf,1913,ak,34,1
https://pdf.swedeb.se/riksdagen-motions-pdf/1913/mot_1913__ak__00239/mot_1913__ak__00239_003.pdf,1913,ak,38,1
https://pdf.swedeb.se/riksdagen-motions-pdf/1913/mot_1913__ak__00358/mot_1913__ak__00358_004.pdf,1913,ak,40,1
https://pdf.swedeb.se/riksdagen-motions-pdf/1913/mot_1913__fk__00093/mot_1913__fk__00093_063.pdf,1913,fk,40,1
https://pdf.swedeb.se/riksdagen-motions-pdf/1913/mot_1913__fk__00123/mot_1913__fk__00123_012.pdf,1913,fk,33,1
https://pdf.swedeb.se/riksdagen-motions-pdf/1913/mot_1913__fk__00124/mot_1913__fk__00124_002.pdf,1913,fk,40,1
https://pdf.swedeb.se/riksdagen-motions-pdf/1914/mot_1914_b_ak__00261/mot_1914_b_ak__00261_004.pdf,1914,ak,40,1
https://pdf.swedeb.se/riksdagen-motions-pdf/1914/mot_1914_b_ak__00118/mot_1914_b_ak__00118_025.pdf,1914,ak,32,1
https://pdf.swedeb.se/riksdagen-motions-pdf/1914/mot_1914_b_ak__00252/mot_1914_b_ak__00252_004.pdf,1914,ak,37,1
https://pdf.swedeb.se/riksdagen-motions-pdf/1914/mot_1914_a_fk__00057/mot_1914_a_fk__00057_002.pdf,1914,fk,35,1
https://pdf.swedeb.se/riksdagen-motions-pdf/1914/mot_1914_b_fk__00003/mot_1914_b_fk__00003_002.pdf,1914,fk,6,1
https://pdf.swedeb.se/riksdagen-motions-pdf/1914/mot_1914_b_fk__00017/mot_1914_b_fk__00017_002.pdf,1914,fk,38,1
https://pdf.swedeb.se/riksdagen-motions-pdf/1915/mot_1915__ak__00142/mot_1915__ak__00142_007.pdf,1915,ak,39,1
https://pdf.swedeb.se/riksdagen-motions-pdf/1915/mot_1915__ak__00191/mot_1915__ak__00191_004.pdf,1915,ak,39,1
https://pdf.swedeb.se/riksdagen-motions-pdf/1915/mot_1915__ak__00104/mot_1915__ak__00104_029.pdf,1915,ak,29,1
https://pdf.swedeb.se/riksdagen-motions-pdf/1915/mot_1915__fk__00050/mot_1915__fk__00050_001.pdf,1915,fk,27,1
https://pdf.swedeb.se/riksdagen-motions-pdf/1915/mot_1915__fk__00083/mot_1915__fk__00083_002.pdf,1915,fk,40,1
https://pdf.swedeb.se/riksdagen-motions-pdf/1915/mot_1915__fk__00006/mot_1915__fk__00006_015.pdf,1915,fk,14,1
https://pdf.swedeb.se/riksdagen-motions-pdf/1916/mot_1916__ak__00285/mot_1916__ak__00285_001.pdf,1916,ak,29,1
https://pdf.swedeb.se/riksdagen-motions-pdf/1916/mot_1916__ak__00052/mot_1916__ak__00052_003.pdf,1916,ak,7,1
https://pdf.swedeb.se/riksdagen-motions-pdf/1916/mot_1916__ak__00068/mot_1916__ak__00068_003.pdf,1916,ak,42,1
https://pdf.swedeb.se/riksdagen-motions-pdf/1916/mot_1916__fk__00061/mot_1916__fk__00061_030.pdf,1916,fk,35,1
https://pdf.swedeb.se/riksdagen-motions-pdf/1916/mot_1916__fk__00118/mot_1916__fk__00118_008.pdf,1916,fk,31,1
https://pdf.swedeb.se/riksdagen-motions-pdf/1916/mot_1916__fk__00042/mot_1916__fk__00042_001.pdf,1916,fk,28,1
https://pdf.swedeb.se/riksdagen-motions-pdf/1917/mot_1917__ak__00322/mot_1917__ak__00322_001.pdf,1917,ak,31,1
https://pdf.swedeb.se/riksdagen-motions-pdf/1917/mot_1917__ak__00423/mot_1917__ak__00423_002.pdf,1917,ak,40,1
https://pdf.swedeb.se/riksdagen-motions-pdf/1917/mot_1917__ak__00339/mot_1917__ak__00339_019.pdf,1917,ak,40,1
https://pdf.swedeb.se/riksdagen-motions-pdf/1917/mot_1917__fk__00079/mot_1917__fk__00079_060.pdf,1917,fk,40,1
https://pdf.swedeb.se/riksdagen-motions-pdf/1917/mot_1917__fk__00072/mot_1917__fk__00072_012.pdf,1917,fk,40,1
https://pdf.swedeb.se/riksdagen-motions-pdf/1917/mot_1917__fk__00129/mot_1917__fk__00129_014.pdf,1917,fk,15,1
https://pdf.swedeb.se/riksdagen-motions-pdf/1918/mot_1918_urtima_ak__00014/mot_1918_urtima_ak__00014_002.pdf,1918,ak,38,1
https://pdf.swedeb.se/riksdagen-motions-pdf/1918/mot_1918__ak__00368/mot_1918__ak__00368_012.pdf,1918,ak,39,1
https://pdf.swedeb.se/riksdagen-motions-pdf/1918/mot_1918__ak__00425/mot_1918__ak__00425_001.pdf,1918,ak,31,1
https://pdf.swedeb.se/riksdagen-motions-pdf/1918/mot_1918_urtima_fk__00023/mot_1918_urtima_fk__00023_003.pdf,1918,fk,16,1
https://pdf.swedeb.se/riksdagen-motions-pdf/1918/mot_1918__fk__00057/mot_1918__fk__00057_001.pdf,1918,fk,26,1
https://pdf.swedeb.se/riksdagen-motions-pdf/1918/mot_1918__fk__00178/mot_1918__fk__00178_001.pdf,1918,fk,28,1
https://pdf.swedeb.se/riksdagen-motions-pdf/1919/mot_1919__ak__00101/mot_1919__ak__00101_005.pdf,1919,ak,38,1
https://pdf.swedeb.se/riksdagen-motions-pdf/1919/mot_1919__ak__00107/mot_1919__ak__00107_001.pdf,1919,ak,26,1
https://pdf.swedeb.se/riksdagen-motions-pdf/1919/mot_1919__ak__00055/mot_1919__ak__00055_001.pdf,1919,ak,28,1
https://pdf.swedeb.se/riksdagen-motions-pdf/1919/mot_1919__fk__00172/mot_1919__fk__00172_003.pdf,1919,fk,17,1
https://pdf.swedeb.se/riksdagen-motions-pdf/1919/mot_1919__fk__00100/mot_1919__fk__00100_002.pdf,1919,fk,39,1
https://pdf.swedeb.se/riksdagen-motions-pdf/1919/mot_1919__fk__00064/mot_1919__fk__00064_006.pdf,1919,fk,21,1
https://pdf.swedeb.se/riksdagen-motions-pdf/1920/mot_1920__ak__00259/mot_1920__ak__00259_009.pdf,1920,ak,39,1
https://pdf.swedeb.se/riksdagen-motions-pdf/1920/mot_1920__ak__00184/mot_1920__ak__00184_005.pdf,1920,ak,39,1
https://pdf.swedeb.se/riksdagen-motions-pdf/1920/mot_1920__ak__00383/mot_1920__ak__00383_004.pdf,1920,ak,32,1
https://pdf.swedeb.se/riksdagen-motions-pdf/1920/mot_1920__fk__00180/mot_1920__fk__00180_002.pdf,1920,fk,39,1
https://pdf.swedeb.se/riksdagen-motions-pdf/1920/mot_1920__fk__00135/mot_1920__fk__00135_015.pdf,1920,fk,43,1
https://pdf.swedeb.se/riksdagen-motions-pdf/1920/mot_1920__fk__00113/mot_1920__fk__00113_002.pdf,1920,fk,39,1
https://pdf.swedeb.se/riksdagen-motions-pdf/1921/mot_1921__ak__00094/mot_1921__ak__00094_004.pdf,1921,ak,35,1
https://pdf.swedeb.se/riksdagen-motions-pdf/1921/mot_1921__ak__00089/mot_1921__ak__00089_003.pdf,1921,ak,38,1
https://pdf.swedeb.se/riksdagen-motions-pdf/1921/mot_1921__ak__00088/mot_1921__ak__00088_001.pdf,1921,ak,26,1
https://pdf.swedeb.se/riksdagen-motions-pdf/1921/mot_1921__fk__00037/mot_1921__fk__00037_006.pdf,1921,fk,37,1
https://pdf.swedeb.se/riksdagen-motions-pdf/1921/mot_1921__fk__00139/mot_1921__fk__00139_001.pdf,1921,fk,28,1
https://pdf.swedeb.se/riksdagen-motions-pdf/1921/mot_1921__fk__00188/mot_1921__fk__00188_003.pdf,1921,fk,33,1
https://pdf.swedeb.se/riksdagen-motions-pdf/1922/mot_1922__ak__00104/mot_1922__ak__00104_016.pdf,1922,ak,41,1
https://pdf.swedeb.se/riksdagen-motions-pdf/1922/mot_1922__ak__00262/mot_1922__ak__00262_001.pdf,1922,ak,11,1
https://pdf.swedeb.se/riksdagen-motions-pdf/1922/mot_1922__ak__00041/mot_1922__ak__00041_001.pdf,1922,ak,30,1
https://pdf.swedeb.se/riksdagen-motions-pdf/1922/mot_1922__fk__00073/mot_1922__fk__00073_006.pdf,1922,fk,9,1
https://pdf.swedeb.se/riksdagen-motions-pdf/1922/mot_1922__fk__00173/mot_1922__fk__00173_040.pdf,1922,fk,39,1
https://pdf.swedeb.se/riksdagen-motions-pdf/1922/mot_1922__fk__00106/mot_1922__fk__00106_002.pdf,1922,fk,39,1
https://pdf.swedeb.se/riksdagen-motions-pdf/1923/mot_1923__ak__00251/mot_1923__ak__00251_004.pdf,1923,ak,39,1
https://pdf.swedeb.se/riksdagen-motions-pdf/1923/mot_1923__ak__00114/mot_1923__ak__00114_011.pdf,1923,ak,41,1
https://pdf.swedeb.se/riksdagen-motions-pdf/1923/mot_1923__ak__00252/mot_1923__ak__00252_002.pdf,1923,ak,24,1
https://pdf.swedeb.se/riksdagen-motions-pdf/1923/mot_1923__fk__00112/mot_1923__fk__00112_006.pdf,1923,fk,36,1
https://pdf.swedeb.se/riksdagen-motions-pdf/1923/mot_1923__fk__00198/mot_1923__fk__00198_012.pdf,1923,fk,33,1
https://pdf.swedeb.se/riksdagen-motions-pdf/1923/mot_1923__fk__00198/mot_1923__fk__00198_004.pdf,1923,fk,40,1
https://pdf.swedeb.se/riksdagen-motions-pdf/1924/mot_1924__ak__00238/mot_1924__ak__00238_001.pdf,1924,ak,13,1
https://pdf.swedeb.se/riksdagen-motions-pdf/1924/mot_1924__ak__00384/mot_1924__ak__00384_002.pdf,1924,ak,42,1
https://pdf.swedeb.se/riksdagen-motions-pdf/1924/mot_1924__ak__00392/mot_1924__ak__00392_003.pdf,1924,ak,44,1
https://pdf.swedeb.se/riksdagen-motions-pdf/1924/mot_1924__fk__00277/mot_1924__fk__00277_003.pdf,1924,fk,45,1
https://pdf.swedeb.se/riksdagen-motions-pdf/1924/mot_1924__fk__00158/mot_1924__fk__00158_003.pdf,1924,fk,45,1
https://pdf.swedeb.se/riksdagen-motions-pdf/1924/mot_1924__fk__00230/mot_1924__fk__00230_032.pdf,1924,fk,38,1
https://pdf.swedeb.se/riksdagen-motions-pdf/1925/mot_1925__ak__00323/mot_1925__ak__00323_003.pdf,1925,ak,17,1
https://pdf.swedeb.se/riksdagen-motions-pdf/1925/mot_1925__ak__00071/mot_1925__ak__00071_002.pdf,1925,ak,43,1
https://pdf.swedeb.se/riksdagen-motions-pdf/1925/mot_1925__ak__00377/mot_1925__ak__00377_004.pdf,1925,ak,7,1
https://pdf.swedeb.se/riksdagen-motions-pdf/1925/mot_1925__fk__00194/mot_1925__fk__00194_002.pdf,1925,fk,10,1
https://pdf.swedeb.se/riksdagen-motions-pdf/1925/mot_1925__fk__00265/mot_1925__fk__00265_016.pdf,1925,fk,46,1
https://pdf.swedeb.se/riksdagen-motions-pdf/1925/mot_1925__fk__00278/mot_1925__fk__00278_007.pdf,1925,fk,44,1
https://pdf.swedeb.se/riksdagen-motions-pdf/1926/mot_1926__ak__00383/mot_1926__ak__00383_001.pdf,1926,ak,33,1
https://pdf.swedeb.se/riksdagen-motions-pdf/1926/mot_1926__ak__00049/mot_1926__ak__00049_004.pdf,1926,ak,27,1
https://pdf.swedeb.se/riksdagen-motions-pdf/1926/mot_1926__ak__00236/mot_1926__ak__00236_005.pdf,1926,ak,19,1
https://pdf.swedeb.se/riksdagen-motions-pdf/1926/mot_1926__fk__00291/mot_1926__fk__00291_005.pdf,1926,fk,17,1
https://pdf.swedeb.se/riksdagen-motions-pdf/1926/mot_1926__fk__00189/mot_1926__fk__00189_003.pdf,1926,fk,44,1
https://pdf.swedeb.se/riksdagen-motions-pdf/1926/mot_1926__fk__00251/mot_1926__fk__00251_029.pdf,1926,fk,43,1
https://pdf.swedeb.se/riksdagen-motions-pdf/1927/mot_1927__ak__00260/mot_1927__ak__00260_001.pdf,1927,ak,40,1
https://pdf.swedeb.se/riksdagen-motions-pdf/1927/mot_1927__ak__00243/mot_1927__ak__00243_003.pdf,1927,ak,27,1
https://pdf.swedeb.se/riksdagen-motions-pdf/1927/mot_1927__ak__00099/mot_1927__ak__00099_004.pdf,1927,ak,43,1
https://pdf.swedeb.se/riksdagen-motions-pdf/1927/mot_1927__fk__00299/mot_1927__fk__00299_002.pdf,1927,fk,43,1
https://pdf.swedeb.se/riksdagen-motions-pdf/1927/mot_1927__fk__00139/mot_1927__fk__00139_003.pdf,1927,fk,39,1
https://pdf.swedeb.se/riksdagen-motions-pdf/1927/mot_1927__fk__00251/mot_1927__fk__00251_002.pdf,1927,fk,43,1
https://pdf.swedeb.se/riksdagen-motions-pdf/1928/mot_1928__ak__00301/mot_1928__ak__00301_005.pdf,1928,ak,37,1
https://pdf.swedeb.se/riksdagen-motions-pdf/1928/mot_1928__ak__00434/mot_1928__ak__00434_004.pdf,1928,ak,47,1
https://pdf.swedeb.se/riksdagen-motions-pdf/1928/mot_1928__ak__00129/mot_1928__ak__00129_004.pdf,1928,ak,43,1
https://pdf.swedeb.se/riksdagen-motions-pdf/1928/mot_1928__fk__00240/mot_1928__fk__00240_002.pdf,1928,fk,30,1
https://pdf.swedeb.se/riksdagen-motions-pdf/1928/mot_1928__fk__00117/mot_1928__fk__00117_003.pdf,1928,fk,42,1
https://pdf.swedeb.se/riksdagen-motions-pdf/1928/mot_1928__fk__00246/mot_1928__fk__00246_001.pdf,1928,fk,37,1
https://pdf.swedeb.se/riksdagen-motions-pdf/1929/mot_1929__ak__00187/mot_1929__ak__00187_006.pdf,1929,ak,35,1
https://pdf.swedeb.se/riksdagen-motions-pdf/1929/mot_1929__ak__00329/mot_1929__ak__00329_002.pdf,1929,ak,45,1
https://pdf.swedeb.se/riksdagen-motions-pdf/1929/mot_1929__ak__00097/mot_1929__ak__00097_002.pdf,1929,ak,15,1
https://pdf.swedeb.se/riksdagen-motions-pdf/1929/mot_1929__fk__00001/mot_1929__fk__00001_027.pdf,1929,fk,53,1
https://pdf.swedeb.se/riksdagen-motions-pdf/1929/mot_1929__fk__00060/mot_1929__fk__00060_002.pdf,1929,fk,43,1
https://pdf.swedeb.se/riksdagen-motions-pdf/1929/mot_1929__fk__00142/mot_1929__fk__00142_005.pdf,1929,fk,43,1
https://pdf.swedeb.se/riksdagen-motions-pdf/1930/mot_1930__ak__00439/mot_1930__ak__00439_002.pdf,1930,ak,45,1
https://pdf.swedeb.se/riksdagen-motions-pdf/1930/mot_1930__ak__00370/mot_1930__ak__00370_021.pdf,1930,ak,43,1
https://pdf.swedeb.se/riksdagen-motions-pdf/1930/mot_1930__ak__00046/mot_1930__ak__00046_001.pdf,1930,ak,35,1
https://pdf.swedeb.se/riksdagen-motions-pdf/1930/mot_1930__fk__00198/mot_1930__fk__00198_002.pdf,1930,fk,41,1
https://pdf.swedeb.se/riksdagen-motions-pdf/1930/mot_1930__fk__00121/mot_1930__fk__00121_001.pdf,1930,fk,30,1
https://pdf.swedeb.se/riksdagen-motions-pdf/1930/mot_1930__fk__00006/mot_1930__fk__00006_002.pdf,1930,fk,42,1
https://pdf.swedeb.se/riksdagen-motions-pdf/1931/mot_1931__ak__00157/mot_1931__ak__00157_010.pdf,1931,ak,30,1
https://pdf.swedeb.se/riksdagen-motions-pdf/1931/mot_1931__ak__00029/mot_1931__ak__00029_043.pdf,1931,ak,44,1
https://pdf.swedeb.se/riksdagen-motions-pdf/1931/mot_1931__ak__00287/mot_1931__ak__00287_003.pdf,1931,ak,26,1
https://pdf.swedeb.se/riksdagen-motions-pdf/1931/mot_1931__fk__00184/mot_1931__fk__00184_003.pdf,1931,fk,9,1
https://pdf.swedeb.se/riksdagen-motions-pdf/1931/mot_1931__fk__00100/mot_1931__fk__00100_005.pdf,1931,fk,43,1
https://pdf.swedeb.se/riksdagen-motions-pdf/1931/mot_1931__fk__00020/mot_1931__fk__00020_001.pdf,1931,fk,38,1
https://pdf.swedeb.se/riksdagen-motions-pdf/1932/mot_1932__ak__00390/mot_1932__ak__00390_001.pdf,1932,ak,38,1
https://pdf.swedeb.se/riksdagen-motions-pdf/1932/mot_1932__ak__fört/mot_1932__ak__fört_019.pdf,1932,ak,53,1
https://pdf.swedeb.se/riksdagen-motions-pdf/1932/mot_1932__ak__00034/mot_1932__ak__00034_001.pdf,1932,ak,35,1
https://pdf.swedeb.se/riksdagen-motions-pdf/1932/mot_1932__fk__00165/mot_1932__fk__00165_014.pdf,1932,fk,29,1
https://pdf.swedeb.se/riksdagen-motions-pdf/1932/mot_1932__fk__00048/mot_1932__fk__00048_002.pdf,1932,fk,14,1
https://pdf.swedeb.se/riksdagen-motions-pdf/1932/mot_1932__fk__00109/mot_1932__fk__00109_064.pdf,1932,fk,43,1
https://pdf.swedeb.se/riksdagen-motions-pdf/1933/mot_1933__ak__00465/mot_1933__ak__00465_001.pdf,1933,ak,37,1
https://pdf.swedeb.se/riksdagen-motions-pdf/1933/mot_1933__ak__00400/mot_1933__ak__00400_001.pdf,1933,ak,9,1
https://pdf.swedeb.se/riksdagen-motions-pdf/1933/mot_1933__ak__00410/mot_1933__ak__00410_001.pdf,1933,ak,7,1
https://pdf.swedeb.se/riksdagen-motions-pdf/1933/mot_1933__fk__00306/mot_1933__fk__00306_005.pdf,1933,fk,27,1
https://pdf.swedeb.se/riksdagen-motions-pdf/1933/mot_1933__fk__00109/mot_1933__fk__00109_001.pdf,1933,fk,40,1
https://pdf.swedeb.se/riksdagen-motions-pdf/1933/mot_1933__fk__00187/mot_1933__fk__00187_008.pdf,1933,fk,41,1
https://pdf.swedeb.se/riksdagen-motions-pdf/1934/mot_1934__ak__00092/mot_1934__ak__00092_001.pdf,1934,ak,40,1
https://pdf.swedeb.se/riksdagen-motions-pdf/1934/mot_1934__ak__00378/mot_1934__ak__00378_003.pdf,1934,ak,43,1
https://pdf.swedeb.se/riksdagen-motions-pdf/1934/mot_1934__ak__00337/mot_1934__ak__00337_001.pdf,1934,ak,21,1
https://pdf.swedeb.se/riksdagen-motions-pdf/1934/mot_1934__fk__00249/mot_1934__fk__00249_002.pdf,1934,fk,15,1
https://pdf.swedeb.se/riksdagen-motions-pdf/1934/mot_1934__fk__00114/mot_1934__fk__00114_004.pdf,1934,fk,11,1
https://pdf.swedeb.se/riksdagen-motions-pdf/1934/mot_1934__fk__00009/mot_1934__fk__00009_001.pdf,1934,fk,14,1
https://pdf.swedeb.se/riksdagen-motions-pdf/1935/mot_1935__ak__00090/mot_1935__ak__00090_002.pdf,1935,ak,27,1
https://pdf.swedeb.se/riksdagen-motions-pdf/1935/mot_1935__ak__00601/mot_1935__ak__00601_003.pdf,1935,ak,43,1
https://pdf.swedeb.se/riksdagen-motions-pdf/1935/mot_1935__ak__00569/mot_1935__ak__00569_001.pdf,1935,ak,36,1
https://pdf.swedeb.se/riksdagen-motions-pdf/1935/mot_1935__fk__00262/mot_1935__fk__00262_002.pdf,1935,fk,4,1
https://pdf.swedeb.se/riksdagen-motions-pdf/1935/mot_1935__fk__00031/mot_1935__fk__00031_003.pdf,1935,fk,45,1
https://pdf.swedeb.se/riksdagen-motions-pdf/1935/mot_1935__fk__00187/mot_1935__fk__00187_002.pdf,1935,fk,23,1
https://pdf.swedeb.se/riksdagen-motions-pdf/1936/mot_1936__ak__00756/mot_1936__ak__00756_204.pdf,1936,ak,42,1
https://pdf.swedeb.se/riksdagen-motions-pdf/1936/mot_1936__ak__00339/mot_1936__ak__00339_001.pdf,1936,ak,31,1
https://pdf.swedeb.se/riksdagen-motions-pdf/1936/mot_1936__ak__00750/mot_1936__ak__00750_005.pdf,1936,ak,6,1
https://pdf.swedeb.se/riksdagen-motions-pdf/1936/mot_1936__fk__00230/mot_1936__fk__00230_013.pdf,1936,fk,41,1
https://pdf.swedeb.se/riksdagen-motions-pdf/1936/mot_1936__fk__00321/mot_1936__fk__00321_001.pdf,1936,fk,39,1
https://pdf.swedeb.se/riksdagen-motions-pdf/1936/mot_1936__fk__00138/mot_1936__fk__00138_002.pdf,1936,fk,41,1
https://pdf.swedeb.se/riksdagen-motions-pdf/1937/mot_1937__ak__00401/mot_1937__ak__00401_002.pdf,1937,ak,21,1
https://pdf.swedeb.se/riksdagen-motions-pdf/1937/mot_1937__ak__00013/mot_1937__ak__00013_002.pdf,1937,ak,23,1
https://pdf.swedeb.se/riksdagen-motions-pdf/1937/mot_1937__ak__00383/mot_1937__ak__00383_001.pdf,1937,ak,39,1
https://pdf.swedeb.se/riksdagen-motions-pdf/1937/mot_1937__fk__00040/mot_1937__fk__00040_002.pdf,1937,fk,45,1
https://pdf.swedeb.se/riksdagen-motions-pdf/1937/mot_1937__fk__00038/mot_1937__fk__00038_003.pdf,1937,fk,17,1
https://pdf.swedeb.se/riksdagen-motions-pdf/1937/mot_1937__fk__fört/mot_1937__fk__fört_018.pdf,1937,fk,43,2
https://pdf.swedeb.se/riksdagen-motions-pdf/1938/mot_1938__ak__00093/mot_1938__ak__00093_001.pdf,1938,ak,41,1
https://pdf.swedeb.se/riksdagen-motions-pdf/1938/mot_1938__ak__00136/mot_1938__ak__00136_002.pdf,1938,ak,23,1
https://pdf.swedeb.se/riksdagen-motions-pdf/1938/mot_1938__ak__00441/mot_1938__ak__00441_003.pdf,1938,ak,21,1
https://pdf.swedeb.se/riksdagen-motions-pdf/1938/mot_1938__fk__00064/mot_1938__fk__00064_002.pdf,1938,fk,37,1
https://pdf.swedeb.se/riksdagen-motions-pdf/1938/mot_1938__fk__00234/mot_1938__fk__00234_004.pdf,1938,fk,42,1
https://pdf.swedeb.se/riksdagen-motions-pdf/1938/mot_1938__fk__00278/mot_1938__fk__00278_002.pdf,1938,fk,46,1
https://pdf.swedeb.se/riksdagen-motions-pdf/1939/mot_1939__ak__00421/mot_1939__ak__00421_001.pdf,1939,ak,7,1
https://pdf.swedeb.se/riksdagen-motions-pdf/1939/mot_1939_urtima_ak__00009/mot_1939_urtima_ak__00009_004.pdf,1939,ak,23,1
https://pdf.swedeb.se/riksdagen-motions-pdf/1939/mot_1939__ak__00370/mot_1939__ak__00370_001.pdf,1939,ak,7,1
https://pdf.swedeb.se/riksdagen-motions-pdf/1939/mot_1939__fk__00341/mot_1939__fk__00341_026.pdf,1939,fk,48,1
https://pdf.swedeb.se/riksdagen-motions-pdf/1939/mot_1939__fk__00304/mot_1939__fk__00304_002.pdf,1939,fk,46,1
https://pdf.swedeb.se/riksdagen-motions-pdf/1939/mot_1939__fk__00065/mot_1939__fk__00065_003.pdf,1939,fk,17,1
https://pdf.swedeb.se/riksdagen-motions-pdf/1940/mot_1940__ak__00166/mot_1940__ak__00166_003.pdf,1940,ak,9,1
https://pdf.swedeb.se/riksdagen-motions-pdf/1940/mot_1940_urtima_ak__00043/mot_1940_urtima_ak__00043_001.pdf,1940,ak,41,1
https://pdf.swedeb.se/riksdagen-motions-pdf/1940/mot_1940__ak__00045/mot_1940__ak__00045_002.pdf,1940,ak,8,1
https://pdf.swedeb.se/riksdagen-motions-pdf/1940/mot_1940__fk__00115/mot_1940__fk__00115_001.pdf,1940,fk,38,1
https://pdf.swedeb.se/riksdagen-motions-pdf/1940/mot_1940__fk__00099/mot_1940__fk__00099_003.pdf,1940,fk,45,1
https://pdf.swedeb.se/riksdagen-motions-pdf/1940/mot_1940__fk__00053/mot_1940__fk__00053_003.pdf,1940,fk,45,1
https://pdf.swedeb.se/riksdagen-motions-pdf/1941/mot_1941__ak__00330/mot_1941__ak__00330_003.pdf,1941,ak,33,1
https://pdf.swedeb.se/riksdagen-motions-pdf/1941/mot_1941__ak__00305/mot_1941__ak__00305_002.pdf,1941,ak,38,1
https://pdf.swedeb.se/riksdagen-motions-pdf/1941/mot_1941__ak__00033/mot_1941__ak__00033_007.pdf,1941,ak,39,1
https://pdf.swedeb.se/riksdagen-motions-pdf/1941/mot_1941__fk__00132/mot_1941__fk__00132_002.pdf,1941,fk,25,1
https://pdf.swedeb.se/riksdagen-motions-pdf/1941/mot_1941__fk__00140/mot_1941__fk__00140_003.pdf,1941,fk,6,1
https://pdf.swedeb.se/riksdagen-motions-pdf/1941/mot_1941__fk__00143/mot_1941__fk__00143_014.pdf,1941,fk,8,1
https://pdf.swedeb.se/riksdagen-motions-pdf/1942/mot_1942__ak__00415/mot_1942__ak__00415_001.pdf,1942,ak,36,1
https://pdf.swedeb.se/riksdagen-motions-pdf/1942/mot_1942__ak__00066/mot_1942__ak__00066_003.pdf,1942,ak,40,1
https://pdf.swedeb.se/riksdagen-motions-pdf/1942/mot_1942__ak__00325/mot_1942__ak__00325_004.pdf,1942,ak,40,1
https://pdf.swedeb.se/riksdagen-motions-pdf/1942/mot_1942__fk__00124/mot_1942__fk__00124_001.pdf,1942,fk,10,1
https://pdf.swedeb.se/riksdagen-motions-pdf/1942/mot_1942__fk__00068/mot_1942__fk__00068_001.pdf,1942,fk,6,1
https://pdf.swedeb.se/riksdagen-motions-pdf/1942/mot_1942__fk__00204/mot_1942__fk__00204_001.pdf,1942,fk,35,1
https://pdf.swedeb.se/riksdagen-motions-pdf/1943/mot_1943__ak__00261/mot_1943__ak__00261_001.pdf,1943,ak,28,1
https://pdf.swedeb.se/riksdagen-motions-pdf/1943/mot_1943__ak__00099/mot_1943__ak__00099_001.pdf,1943,ak,37,1
https://pdf.swedeb.se/riksdagen-motions-pdf/1943/mot_1943__ak__00131/mot_1943__ak__00131_005.pdf,1943,ak,52,1
https://pdf.swedeb.se/riksdagen-motions-pdf/1943/mot_1943__fk__00264/mot_1943__fk__00264_003.pdf,1943,fk,39,1
https://pdf.swedeb.se/riksdagen-motions-pdf/1943/mot_1943__fk__00033/mot_1943__fk__00033_018.pdf,1943,fk,51,1
https://pdf.swedeb.se/riksdagen-motions-pdf/1943/mot_1943__fk__00046/mot_1943__fk__00046_002.pdf,1943,fk,14,1
https://pdf.swedeb.se/riksdagen-motions-pdf/1944/mot_1944__ak__00525/mot_1944__ak__00525_001.pdf,1944,ak,7,1
https://pdf.swedeb.se/riksdagen-motions-pdf/1944/mot_1944__ak__00329/mot_1944__ak__00329_001.pdf,1944,ak,36,1
https://pdf.swedeb.se/riksdagen-motions-pdf/1944/mot_1944__ak__00455/mot_1944__ak__00455_004.pdf,1944,ak,41,1
https://pdf.swedeb.se/riksdagen-motions-pdf/1944/mot_1944__fk__00184/mot_1944__fk__00184_001.pdf,1944,fk,40,1
https://pdf.swedeb.se/riksdagen-motions-pdf/1944/mot_1944__fk__00166/mot_1944__fk__00166_001.pdf,1944,fk,28,1
https://pdf.swedeb.se/riksdagen-motions-pdf/1944/mot_1944__fk__00273/mot_1944__fk__00273_001.pdf,1944,fk,38,1
https://pdf.swedeb.se/riksdagen-motions-pdf/1945/mot_1945__ak__00405/mot_1945__ak__00405_001.pdf,1945,ak,41,1
https://pdf.swedeb.se/riksdagen-motions-pdf/1945/mot_1945_höst_ak__00638/mot_1945_höst_ak__00638_002.pdf,1945,ak,17,1
https://pdf.swedeb.se/riksdagen-motions-pdf/1945/mot_1945_höst_ak__00650/mot_1945_höst_ak__00650_002.pdf,1945,ak,46,1
https://pdf.swedeb.se/riksdagen-motions-pdf/1945/mot_1945__fk__00215/mot_1945__fk__00215_002.pdf,1945,fk,43,1
https://pdf.swedeb.se/riksdagen-motions-pdf/1945/mot_1945__fk__00150/mot_1945__fk__00150_003.pdf,1945,fk,43,1
https://pdf.swedeb.se/riksdagen-motions-pdf/1945/mot_1945_höst_fk__00419/mot_1945_höst_fk__00419_001.pdf,1945,fk,18,1
https://pdf.swedeb.se/riksdagen-motions-pdf/1946/mot_1946__ak__00510/mot_1946__ak__00510_001.pdf,1946,ak,10,1
https://pdf.swedeb.se/riksdagen-motions-pdf/1946/mot_1946__ak__00262/mot_1946__ak__00262_001.pdf,1946,ak,5,1
https://pdf.swedeb.se/riksdagen-motions-pdf/1946/mot_1946_höst_ak__00599/mot_1946_höst_ak__00599_001.pdf,1946,ak,35,1
https://pdf.swedeb.se/riksdagen-motions-pdf/1946/mot_1946__fk__00145/mot_1946__fk__00145_003.pdf,1946,fk,19,1
https://pdf.swedeb.se/riksdagen-motions-pdf/1946/mot_1946__fk__00140/mot_1946__fk__00140_002.pdf,1946,fk,14,1
https://pdf.swedeb.se/riksdagen-motions-pdf/1946/mot_1946__fk__00306/mot_1946__fk__00306_012.pdf,1946,fk,42,1
https://pdf.swedeb.se/riksdagen-motions-pdf/1947/mot_1947__ak__00165/mot_1947__ak__00165_001.pdf,1947,ak,8,1
https://pdf.swedeb.se/riksdagen-motions-pdf/1947/mot_1947__ak__00507/mot_1947__ak__00507_002.pdf,1947,ak,41,1
https://pdf.swedeb.se/riksdagen-motions-pdf/1947/mot_1947__ak__00497/mot_1947__ak__00497_001.pdf,1947,ak,33,1
https://pdf.swedeb.se/riksdagen-motions-pdf/1947/mot_1947__fk__00159/mot_1947__fk__00159_001.pdf,1947,fk,37,1
https://pdf.swedeb.se/riksdagen-motions-pdf/1947/mot_1947__fk__00251/mot_1947__fk__00251_008.pdf,1947,fk,42,1
https://pdf.swedeb.se/riksdagen-motions-pdf/1947/mot_1947__fk__00057/mot_1947__fk__00057_005.pdf,1947,fk,28,1
https://pdf.swedeb.se/riksdagen-motions-pdf/1948/mot_1948__ak__00353/mot_1948__ak__00353_002.pdf,1948,ak,22,1
https://pdf.swedeb.se/riksdagen-motions-pdf/1948/mot_1948__ak__00316/mot_1948__ak__00316_003.pdf,1948,ak,14,1
https://pdf.swedeb.se/riksdagen-motions-pdf/1948/mot_1948__ak__00344/mot_1948__ak__00344_002.pdf,1948,ak,42,1
https://pdf.swedeb.se/riksdagen-motions-pdf/1948/mot_1948__fk__00342/mot_1948__fk__00342_003.pdf,1948,fk,34,1
https://pdf.swedeb.se/riksdagen-motions-pdf/1948/mot_1948__fk__00186/mot_1948__fk__00186_001.pdf,1948,fk,37,1
https://pdf.swedeb.se/riksdagen-motions-pdf/1948/mot_1948__fk__00043/mot_1948__fk__00043_002.pdf,1948,fk,42,1
https://pdf.swedeb.se/riksdagen-motions-pdf/1949/mot_1949__ak__00174/mot_1949__ak__00174_001.pdf,1949,ak,42,1
https://pdf.swedeb.se/riksdagen-motions-pdf/1949/mot_1949__ak__00140/mot_1949__ak__00140_001.pdf,1949,ak,36,1
https://pdf.swedeb.se/riksdagen-motions-pdf/1949/mot_1949__ak__00072/mot_1949__ak__00072_002.pdf,1949,ak,6,1
https://pdf.swedeb.se/riksdagen-motions-pdf/1949/mot_1949__fk__00019/mot_1949__fk__00019_005.pdf,1949,fk,40,1
https://pdf.swedeb.se/riksdagen-motions-pdf/1949/mot_1949__fk__00255/mot_1949__fk__00255_002.pdf,1949,fk,42,1
https://pdf.swedeb.se/riksdagen-motions-pdf/1949/mot_1949__fk__00109/mot_1949__fk__00109_003.pdf,1949,fk,43,1
https://pdf.swedeb.se/riksdagen-motions-pdf/1950/mot_1950__ak__00356/mot_1950__ak__00356_002.pdf,1950,ak,21,1
https://pdf.swedeb.se/riksdagen-motions-pdf/1950/mot_1950__ak__00247/mot_1950__ak__00247_001.pdf,1950,ak,13,1
https://pdf.swedeb.se/riksdagen-motions-pdf/1950/mot_1950__ak__00467/mot_1950__ak__00467_003.pdf,1950,ak,43,1
https://pdf.swedeb.se/riksdagen-motions-pdf/1950/mot_1950__fk__00107/mot_1950__fk__00107_001.pdf,1950,fk,36,1
https://pdf.swedeb.se/riksdagen-motions-pdf/1950/mot_1950__fk__00075/mot_1950__fk__00075_001.pdf,1950,fk,16,1
https://pdf.swedeb.se/riksdagen-motions-pdf/1950/mot_1950__fk__00435/mot_1950__fk__00435_001.pdf,1950,fk,17,1
https://pdf.swedeb.se/riksdagen-motions-pdf/1951/mot_1951__ak__00495/mot_1951__ak__00495_007.pdf,1951,ak,39,1
https://pdf.swedeb.se/riksdagen-motions-pdf/1951/mot_1951__ak__00323/mot_1951__ak__00323_001.pdf,1951,ak,39,1
https://pdf.swedeb.se/riksdagen-motions-pdf/1951/mot_1951__ak__00592/mot_1951__ak__00592_001.pdf,1951,ak,35,1
https://pdf.swedeb.se/riksdagen-motions-pdf/1951/mot_1951__fk__00456/mot_1951__fk__00456_001.pdf,1951,fk,16,1
https://pdf.swedeb.se/riksdagen-motions-pdf/1951/mot_1951__fk__00159/mot_1951__fk__00159_002.pdf,1951,fk,42,1
https://pdf.swedeb.se/riksdagen-motions-pdf/1951/mot_1951__fk__00183/mot_1951__fk__00183_001.pdf,1951,fk,36,1
https://pdf.swedeb.se/riksdagen-motions-pdf/1952/mot_1952__ak__00393/mot_1952__ak__00393_001.pdf,1952,ak,13,1
https://pdf.swedeb.se/riksdagen-motions-pdf/1952/mot_1952__ak__00326/mot_1952__ak__00326_002.pdf,1952,ak,42,1
https://pdf.swedeb.se/riksdagen-motions-pdf/1952/mot_1952__ak__00476/mot_1952__ak__00476_007.pdf,1952,ak,43,1
https://pdf.swedeb.se/riksdagen-motions-pdf/1952/mot_1952__fk__00223/mot_1952__fk__00223_001.pdf,1952,fk,16,1
https://pdf.swedeb.se/riksdagen-motions-pdf/1952/mot_1952__fk__00298/mot_1952__fk__00298_002.pdf,1952,fk,45,1
https://pdf.swedeb.se/riksdagen-motions-pdf/1952/mot_1952__fk__00360/mot_1952__fk__00360_001.pdf,1952,fk,17,1
https://pdf.swedeb.se/riksdagen-motions-pdf/1953/mot_1953__ak__00472/mot_1953__ak__00472_002.pdf,1953,ak,19,1
https://pdf.swedeb.se/riksdagen-motions-pdf/1953/mot_1953__ak__00508/mot_1953__ak__00508_011.pdf,1953,ak,37,1
https://pdf.swedeb.se/riksdagen-motions-pdf/1953/mot_1953__ak__00418/mot_1953__ak__00418_001.pdf,1953,ak,37,1
https://pdf.swedeb.se/riksdagen-motions-pdf/1953/mot_1953__fk__00443/mot_1953__fk__00443_018.pdf,1953,fk,43,1
https://pdf.swedeb.se/riksdagen-motions-pdf/1953/mot_1953_höst_fk__00509/mot_1953_höst_fk__00509_002.pdf,1953,fk,34,1
https://pdf.swedeb.se/riksdagen-motions-pdf/1953/mot_1953__fk__00061/mot_1953__fk__00061_001.pdf,1953,fk,25,1
https://pdf.swedeb.se/riksdagen-motions-pdf/1954/mot_1954__ak__00651/mot_1954__ak__00651_001.pdf,1954,ak,32,1
https://pdf.swedeb.se/riksdagen-motions-pdf/1954/mot_1954__ak__00165/mot_1954__ak__00165_002.pdf,1954,ak,34,1
https://pdf.swedeb.se/riksdagen-motions-pdf/1954/mot_1954__ak__00174/mot_1954__ak__00174_001.pdf,1954,ak,37,1
https://pdf.swedeb.se/riksdagen-motions-pdf/1954/mot_1954__fk__00097/mot_1954__fk__00097_001.pdf,1954,fk,39,1
https://pdf.swedeb.se/riksdagen-motions-pdf/1954/mot_1954__fk__00254/mot_1954__fk__00254_002.pdf,1954,fk,35,1
https://pdf.swedeb.se/riksdagen-motions-pdf/1954/mot_1954__fk__00163/mot_1954__fk__00163_001.pdf,1954,fk,26,1
https://pdf.swedeb.se/riksdagen-motions-pdf/1955/mot_1955__ak__00603/mot_1955__ak__00603_003.pdf,1955,ak,27,1
https://pdf.swedeb.se/riksdagen-motions-pdf/1955/mot_1955__ak__00009/mot_1955__ak__00009_003.pdf,1955,ak,16,1
https://pdf.swedeb.se/riksdagen-motions-pdf/1955/mot_1955__ak__00033/mot_1955__ak__00033_002.pdf,1955,ak,37,1
https://pdf.swedeb.se/riksdagen-motions-pdf/1955/mot_1955_höst_fk__00547/mot_1955_höst_fk__00547_001.pdf,1955,fk,15,1
https://pdf.swedeb.se/riksdagen-motions-pdf/1955/mot_1955__fk__00475/mot_1955__fk__00475_001.pdf,1955,fk,38,1
https://pdf.swedeb.se/riksdagen-motions-pdf/1955/mot_1955__fk__00090/mot_1955__fk__00090_001.pdf,1955,fk,36,1
https://pdf.swedeb.se/riksdagen-motions-pdf/1956/mot_1956_höst_ak__00802/mot_1956_höst_ak__00802_001.pdf,1956,ak,36,1
https://pdf.swedeb.se/riksdagen-motions-pdf/1956/mot_1956__ak__00224/mot_1956__ak__00224_009.pdf,1956,ak,45,1
https://pdf.swedeb.se/riksdagen-motions-pdf/1956/mot_1956__ak__00719/mot_1956__ak__00719_002.pdf,1956,ak,19,1
https://pdf.swedeb.se/riksdagen-motions-pdf/1956/mot_1956__fk__00262/mot_1956__fk__00262_001.pdf,1956,fk,17,1
https://pdf.swedeb.se/riksdagen-motions-pdf/1956/mot_1956__fk__00554/mot_1956__fk__00554_001.pdf,1956,fk,37,1
https://pdf.swedeb.se/riksdagen-motions-pdf/1956/mot_1956__fk__00433/mot_1956__fk__00433_002.pdf,1956,fk,42,1
https://pdf.swedeb.se/riksdagen-motions-pdf/1957/mot_1957__ak__00086/mot_1957__ak__00086_003.pdf,1957,ak,42,1
https://pdf.swedeb.se/riksdagen-motions-pdf/1957/mot_1957__ak__00262/mot_1957__ak__00262_001.pdf,1957,ak,22,1
https://pdf.swedeb.se/riksdagen-motions-pdf/1957/mot_1957__ak__00456/mot_1957__ak__00456_006.pdf,1957,ak,24,1
https://pdf.swedeb.se/riksdagen-motions-pdf/1957/mot_1957__fk__00445/mot_1957__fk__00445_003.pdf,1957,fk,13,1
https://pdf.swedeb.se/riksdagen-motions-pdf/1957/mot_1957__fk__00244/mot_1957__fk__00244_002.pdf,1957,fk,10,1
https://pdf.swedeb.se/riksdagen-motions-pdf/1957/mot_1957__fk__00517/mot_1957__fk__00517_002.pdf,1957,fk,23,1
https://pdf.swedeb.se/riksdagen-motions-pdf/1958/mot_1958_a_ak__00467/mot_1958_a_ak__00467_001.pdf,1958,ak,34,1
https://pdf.swedeb.se/riksdagen-motions-pdf/1958/mot_1958_b_ak__00203/mot_1958_b_ak__00203_001.pdf,1958,ak,37,1
https://pdf.swedeb.se/riksdagen-motions-pdf/1958/mot_1958_a_ak__00418/mot_1958_a_ak__00418_005.pdf,1958,ak,39,1
https://pdf.swedeb.se/riksdagen-motions-pdf/1958/mot_1958_b_fk__00001/mot_1958_b_fk__00001_001.pdf,1958,fk,21,1
https://pdf.swedeb.se/riksdagen-motions-pdf/1958/mot_1958_a_fk__00282/mot_1958_a_fk__00282_001.pdf,1958,fk,16,1
https://pdf.swedeb.se/riksdagen-motions-pdf/1958/mot_1958_a_fk__00244/mot_1958_a_fk__00244_002.pdf,1958,fk,21,1
https://pdf.swedeb.se/riksdagen-motions-pdf/1959/mot_1959__ak__00619/mot_1959__ak__00619_020.pdf,1959,ak,39,1
https://pdf.swedeb.se/riksdagen-motions-pdf/1959/mot_1959__ak__00325/mot_1959__ak__00325_003.pdf,1959,ak,44,1
https://pdf.swedeb.se/riksdagen-motions-pdf/1959/mot_1959__ak__00602/mot_1959__ak__00602_001.pdf,1959,ak,35,1
https://pdf.swedeb.se/riksdagen-motions-pdf/1959/mot_1959__fk__00049/mot_1959__fk__00049_001.pdf,1959,fk,22,1
https://pdf.swedeb.se/riksdagen-motions-pdf/1959/mot_1959__fk__00046/mot_1959__fk__00046_001.pdf,1959,fk,39,1
https://pdf.swedeb.se/riksdagen-motions-pdf/1959/mot_1959__fk__00296/mot_1959__fk__00296_001.pdf,1959,fk,23,1
https://pdf.swedeb.se/riksdagen-motions-pdf/1960/mot_1960__ak__00706/mot_1960__ak__00706_002.pdf,1960,ak,14,1
https://pdf.swedeb.se/riksdagen-motions-pdf/1960/mot_1960__ak__00348/mot_1960__ak__00348.pdf,1960,ak,39,1
https://pdf.swedeb.se/riksdagen-motions-pdf/1960/mot_1960__ak__00198/mot_1960__ak__00198_004.pdf,1960,ak,46,1
https://pdf.swedeb.se/riksdagen-motions-pdf/1960/mot_1960__fk__00222/mot_1960__fk__00222.pdf,1960,fk,14,1
https://pdf.swedeb.se/riksdagen-motions-pdf/1960/mot_1960__fk__00613/mot_1960__fk__00613.pdf,1960,fk,28,1
https://pdf.swedeb.se/riksdagen-motions-pdf/1960/mot_1960__fk__00261/mot_1960__fk__00261_001.pdf,1960,fk,36,1
https://pdf.swedeb.se/riksdagen-motions-pdf/1961/mot_1961__ak__00762/mot_1961__ak__00762.pdf,1961,ak,42,1
https://pdf.swedeb.se/riksdagen-motions-pdf/1961/mot_1961__ak__00157/mot_1961__ak__00157_001.pdf,1961,ak,19,1
https://pdf.swedeb.se/riksdagen-motions-pdf/1961/mot_1961__ak__00658/mot_1961__ak__00658_002.pdf,1961,ak,15,1
https://pdf.swedeb.se/riksdagen-motions-pdf/1961/mot_1961__fk__00228/mot_1961__fk__00228_001.pdf,1961,fk,35,1
https://pdf.swedeb.se/riksdagen-motions-pdf/1961/mot_1961__fk__00382/mot_1961__fk__00382_001.pdf,1961,fk,22,1
https://pdf.swedeb.se/riksdagen-motions-pdf/1961/mot_1961__fk__00472/mot_1961__fk__00472.pdf,1961,fk,21,1
https://pdf.swedeb.se/riksdagen-motions-pdf/1962/mot_1962__ak__00794/mot_1962__ak__00794_004.pdf,1962,ak,44,1
https://pdf.swedeb.se/riksdagen-motions-pdf/1962/mot_1962__ak__00684/mot_1962__ak__00684_001.pdf,1962,ak,38,1
https://pdf.swedeb.se/riksdagen-motions-pdf/1962/mot_1962__ak__00335/mot_1962__ak__00335_002.pdf,1962,ak,40,1
https://pdf.swedeb.se/riksdagen-motions-pdf/1962/mot_1962__fk__00144/mot_1962__fk__00144.pdf,1962,fk,16,1
https://pdf.swedeb.se/riksdagen-motions-pdf/1962/mot_1962__fk__00117/mot_1962__fk__00117.pdf,1962,fk,24,1
https://pdf.swedeb.se/riksdagen-motions-pdf/1962/mot_1962__fk__00460/mot_1962__fk__00460.pdf,1962,fk,39,1
https://pdf.swedeb.se/riksdagen-motions-pdf/1963/mot_1963__ak__00926/mot_1963__ak__00926_001.pdf,1963,ak,27,1
https://pdf.swedeb.se/riksdagen-motions-pdf/1963/mot_1963__ak__00719/mot_1963__ak__00719_001.pdf,1963,ak,39,1
https://pdf.swedeb.se/riksdagen-motions-pdf/1963/mot_1963__ak__00023/mot_1963__ak__00023_002.pdf,1963,ak,41,1
https://pdf.swedeb.se/riksdagen-motions-pdf/1963/mot_1963__fk__00128/mot_1963__fk__00128_002.pdf,1963,fk,16,1
https://pdf.swedeb.se/riksdagen-motions-pdf/1963/mot_1963__fk__00634/mot_1963__fk__00634.pdf,1963,fk,36,1
https://pdf.swedeb.se/riksdagen-motions-pdf/1963/mot_1963__fk__00444/mot_1963__fk__00444.pdf,1963,fk,7,1
https://pdf.swedeb.se/riksdagen-motions-pdf/1964/mot_1964__ak__00551/mot_1964__ak__00551_001.pdf,1964,ak,37,1
https://pdf.swedeb.se/riksdagen-motions-pdf/1964/mot_1964__ak__00834/mot_1964__ak__00834_001.pdf,1964,ak,15,1
https://pdf.swedeb.se/riksdagen-motions-pdf/1964/mot_1964__ak__00516/mot_1964__ak__00516.pdf,1964,ak,37,1
https://pdf.swedeb.se/riksdagen-motions-pdf/1964/mot_1964__fk__00056/mot_1964__fk__00056.pdf,1964,fk,36,1
https://pdf.swedeb.se/riksdagen-motions-pdf/1964/mot_1964__fk__00093/mot_1964__fk__00093_001.pdf,1964,fk,20,1
https://pdf.swedeb.se/riksdagen-motions-pdf/1964/mot_1964__fk__00718/mot_1964__fk__00718.pdf,1964,fk,20,1
https://pdf.swedeb.se/riksdagen-motions-pdf/1965/mot_1965__ak__00020/mot_1965__ak__00020_006.pdf,1965,ak,10,1
https://pdf.swedeb.se/riksdagen-motions-pdf/1965/mot_1965__ak__00002/mot_1965__ak__00002_002.pdf,1965,ak,46,1
https://pdf.swedeb.se/riksdagen-motions-pdf/1965/mot_1965__ak__00119/mot_1965__ak__00119_003.pdf,1965,ak,35,1
https://pdf.swedeb.se/riksdagen-motions-pdf/1965/mot_1965__fk__00316/mot_1965__fk__00316.pdf,1965,fk,31,1
https://pdf.swedeb.se/riksdagen-motions-pdf/1965/mot_1965__fk__00345/mot_1965__fk__00345.pdf,1965,fk,36,1
https://pdf.swedeb.se/riksdagen-motions-pdf/1965/mot_1965__fk__00252/mot_1965__fk__00252.pdf,1965,fk,23,1
https://pdf.swedeb.se/riksdagen-motions-pdf/1966/mot_1966__ak__00333/mot_1966__ak__00333_013.pdf,1966,ak,41,1
https://pdf.swedeb.se/riksdagen-motions-pdf/1966/mot_1966__ak__00219/mot_1966__ak__00219.pdf,1966,ak,34,1
https://pdf.swedeb.se/riksdagen-motions-pdf/1966/mot_1966__ak__00338/mot_1966__ak__00338_001.pdf,1966,ak,37,1
https://pdf.swedeb.se/riksdagen-motions-pdf/1966/mot_1966__fk__00499/mot_1966__fk__00499_001.pdf,1966,fk,36,1
https://pdf.swedeb.se/riksdagen-motions-pdf/1966/mot_1966__fk__00193/mot_1966__fk__00193_003.pdf,1966,fk,30,1
https://pdf.swedeb.se/riksdagen-motions-pdf/1966/mot_1966__fk__00154/mot_1966__fk__00154_001.pdf,1966,fk,24,1
https://pdf.swedeb.se/riksdagen-motions-pdf/1967/mot_1967__ak__00321/mot_1967__ak__00321.pdf,1967,ak,,
https://pdf.swedeb.se/riksdagen-motions-pdf/1967/mot_1967__ak__00330/mot_1967__ak__00330.pdf,1967,ak,,
https://pdf.swedeb.se/riksdagen-motions-pdf/1967/mot_1967__ak__00280/mot_1967__ak__00280.pdf,1967,ak,,
https://pdf.swedeb.se/riksdagen-motions-pdf/1967/mot_1967__fk__00305/mot_1967__fk__00305.pdf,1967,fk,,
https://pdf.swedeb.se/riksdagen-motions-pdf/1967/mot_1967_höst_fk__00928/mot_1967_höst_fk__00928.pdf,1967,fk,,
https://pdf.swedeb.se/riksdagen-motions-pdf/1967/mot_1967__fk__00520/mot_1967__fk__00520.pdf,1967,fk,,
https://pdf.swedeb.se/riksdagen-motions-pdf/1968/mot_1968__ak__00371/mot_1968__ak__00371_001.pdf,1968,ak,36,1
https://pdf.swedeb.se/riksdagen-motions-pdf/1968/mot_1968__ak__00622/mot_1968__ak__00622.pdf,1968,ak,12,1
https://pdf.swedeb.se/riksdagen-motions-pdf/1968/mot_1968__ak__00996/mot_1968__ak__00996_003.pdf,1968,ak,26,1
https://pdf.swedeb.se/riksdagen-motions-pdf/1968/mot_1968__fk__00378/mot_1968__fk__00378_001.pdf,1968,fk,37,1
https://pdf.swedeb.se/riksdagen-motions-pdf/1968/mot_1968__fk__00561/mot_1968__fk__00561_004.pdf,1968,fk,40,1
https://pdf.swedeb.se/riksdagen-motions-pdf/1968/mot_1968__fk__00636/mot_1968__fk__00636.pdf,1968,fk,19,1
https://pdf.swedeb.se/riksdagen-motions-pdf/1969/mot_1969__ak__00038/mot_1969__ak__00038_001.pdf,1969,ak,7,1
https://pdf.swedeb.se/riksdagen-motions-pdf/1969/mot_1969__ak__00443/mot_1969__ak__00443_001.pdf,1969,ak,31,1
https://pdf.swedeb.se/riksdagen-motions-pdf/1969/mot_1969__ak__00287/mot_1969__ak__00287_001.pdf,1969,ak,35,1
https://pdf.swedeb.se/riksdagen-motions-pdf/1969/mot_1969__fk__00957/mot_1969__fk__00957_001.pdf,1969,fk,29,1
https://pdf.swedeb.se/riksdagen-motions-pdf/1969/mot_1969__fk__00569/mot_1969__fk__00569.pdf,1969,fk,12,1
https://pdf.swedeb.se/riksdagen-motions-pdf/1969/mot_1969__fk__00138/mot_1969__fk__00138.pdf,1969,fk,16,1
https://pdf.swedeb.se/riksdagen-motions-pdf/1970/mot_1970__ak__00175/mot_1970__ak__00175_001.pdf,1970,ak,33,1
https://pdf.swedeb.se/riksdagen-motions-pdf/1970/mot_1970_höst_ak__01465/mot_1970_höst_ak__01465_002.pdf,1970,ak,34,1
https://pdf.swedeb.se/riksdagen-motions-pdf/1970/mot_1970__ak__01232/mot_1970__ak__01232_010.pdf,1970,ak,31,2
https://pdf.swedeb.se/riksdagen-motions-pdf/1970/mot_1970__fk__00044/mot_1970__fk__00044_004.pdf,1970,fk,42,1
https://pdf.swedeb.se/riksdagen-motions-pdf/1970/mot_1970__fk__00720/mot_1970__fk__00720_001.pdf,1970,fk,12,1
https://pdf.swedeb.se/riksdagen-motions-pdf/1970/mot_1970_höst_fk__01253/mot_1970_höst_fk__01253_002.pdf,1970,fk,11,1
https://pdf.swedeb.se/riksdagen-motions-pdf/1971/mot_1971__01068/mot_1971__01068_002.pdf,1971,ek,7,1
https://pdf.swedeb.se/riksdagen-motions-pdf/1971/mot_1971__00245/mot_1971__00245_003.pdf,1971,ek,35,1
https://pdf.swedeb.se/riksdagen-motions-pdf/1971/mot_1971__00406/mot_1971__00406_001.pdf,1971,ek,37,1
https://pdf.swedeb.se/riksdagen-motions-pdf/1972/mot_1972__01865/mot_1972__01865_001.pdf,1972,ek,42,1
https://pdf.swedeb.se/riksdagen-motions-pdf/1972/mot_1972__00271/mot_1972__00271_003.pdf,1972,ek,34,1
https://pdf.swedeb.se/riksdagen-motions-pdf/1972/mot_1972__01841/mot_1972__01841_005.pdf,1972,ek,46,1
https://pdf.swedeb.se/riksdagen-motions-pdf/1973/mot_1973__00687/mot_1973__00687_001.pdf,1973,ek,,
https://pdf.swedeb.se/riksdagen-motions-pdf/1973/mot_1973__00568/mot_1973__00568_003.pdf,1973,ek,,
https://pdf.swedeb.se/riksdagen-motions-pdf/1973/mot_1973__01653/mot_1973__01653_001.pdf,1973,ek,,
https://pdf.swedeb.se/riksdagen-motions-pdf/1974/mot_1974__01035/mot_1974__01035_002.pdf,1974,ek,41,1
https://pdf.swedeb.se/riksdagen-motions-pdf/1974/mot_1974__01425/mot_1974__01425_001.pdf,1974,ek,41,1
https://pdf.swedeb.se/riksdagen-motions-pdf/1974/mot_1974__01154/mot_1974__01154_001.pdf,1974,ek,42,1
https://pdf.swedeb.se/riksdagen-motions-pdf/1975/mot_1975__01247/mot_1975__01247_002.pdf,1975,ek,40,1
https://pdf.swedeb.se/riksdagen-motions-pdf/1975/mot_1975__01170/mot_1975__01170_006.pdf,1975,ek,16,1
https://pdf.swedeb.se/riksdagen-motions-pdf/1975/mot_1975__01364/mot_1975__01364_001.pdf,1975,ek,42,1
https://pdf.swedeb.se/riksdagen-motions-pdf/1980/mot_1980_urtima_00001/mot_1980_urtima_00001_011.pdf,1980,ek,,
https://pdf.swedeb.se/riksdagen-motions-pdf/1980/mot_1980_urtima_00001/mot_1980_urtima_00001_007.pdf,1980,ek,,
https://pdf.swedeb.se/riksdagen-motions-pdf/1980/mot_1980_urtima_00002/mot_1980_urtima_00002_007.pdf,1980,ek,,
https://pdf.swedeb.se/riksdagen-motions-pdf/197576/mot_197576__00198/mot_197576__00198_001.pdf,197576,ek,41,1
https://pdf.swedeb.se/riksdagen-motions-pdf/197576/mot_197576__01633/mot_197576__01633_001.pdf,197576,ek,41,1
https://pdf.swedeb.se/riksdagen-motions-pdf/197576/mot_197576__00982/mot_197576__00982_002.pdf,197576,ek,37,1
https://pdf.swedeb.se/riksdagen-motions-pdf/197677/mot_197677__00924/mot_197677__00924_001.pdf,197677,ek,41,1
https://pdf.swedeb.se/riksdagen-motions-pdf/197677/mot_197677__00098/mot_197677__00098_002.pdf,197677,ek,14,1
https://pdf.swedeb.se/riksdagen-motions-pdf/197677/mot_197677__00115/mot_197677__00115_001.pdf,197677,ek,30,1
https://pdf.swedeb.se/riksdagen-motions-pdf/197778/mot_197778__01957/mot_197778__01957_005.pdf,197778,ek,,
https://pdf.swedeb.se/riksdagen-motions-pdf/197778/mot_197778__01879/mot_197778__01879.pdf,197778,ek,,
https://pdf.swedeb.se/riksdagen-motions-pdf/197778/mot_197778__01005/mot_197778__01005_001.pdf,197778,ek,,
https://pdf.swedeb.se/riksdagen-motions-pdf/197879/mot_197879__02065/mot_197879__02065_011.pdf,197879,ek,45,1
https://pdf.swedeb.se/riksdagen-motions-pdf/197879/mot_197879__02110/mot_197879__02110_002.pdf,197879,ek,43,1
https://pdf.swedeb.se/riksdagen-motions-pdf/197879/mot_197879__00753/mot_197879__00753_002.pdf,197879,ek,24,1
https://pdf.swedeb.se/riksdagen-motions-pdf/197980/mot_197980__00269/mot_197980__00269_002.pdf,197980,ek,45,1
https://pdf.swedeb.se/riksdagen-motions-pdf/197980/mot_197980__01440/mot_197980__01440_001.pdf,197980,ek,27,1
https://pdf.swedeb.se/riksdagen-motions-pdf/197980/mot_197980__00345/mot_197980__00345_003.pdf,197980,ek,41,1
https://pdf.swedeb.se/riksdagen-motions-pdf/198081/mot_198081__01928/mot_198081__01928_001.pdf,198081,ek,34,1
https://pdf.swedeb.se/riksdagen-motions-pdf/198081/mot_198081__01050/mot_198081__01050_001.pdf,198081,ek,40,1
https://pdf.swedeb.se/riksdagen-motions-pdf/198081/mot_198081__01252/mot_198081__01252_022.pdf,198081,ek,44,1
https://pdf.swedeb.se/riksdagen-motions-pdf/198182/mot_198182__00102/mot_198182__00102_002.pdf,198182,ek,41,1
https://pdf.swedeb.se/riksdagen-motions-pdf/198182/mot_198182__00326/mot_198182__00326_001.pdf,198182,ek,17,1
https://pdf.swedeb.se/riksdagen-motions-pdf/198182/mot_198182__01202/mot_198182__01202_002.pdf,198182,ek,28,1
https://pdf.swedeb.se/riksdagen-motions-pdf/198283/mot_198283__01209/mot_198283__01209_002.pdf,198283,ek,9,1
https://pdf.swedeb.se/riksdagen-motions-pdf/198283/mot_198283__01910/mot_198283__01910_002.pdf,198283,ek,40,1
https://pdf.swedeb.se/riksdagen-motions-pdf/198283/mot_198283__02140/mot_198283__02140_036.pdf,198283,ek,24,1
https://pdf.swedeb.se/riksdagen-motions-pdf/198384/mot_198384__00948/mot_198384__00948_002.pdf,198384,ek,45,1
https://pdf.swedeb.se/riksdagen-motions-pdf/198384/mot_198384__02567/mot_198384__02567_007.pdf,198384,ek,45,1
https://pdf.swedeb.se/riksdagen-motions-pdf/198384/mot_198384__00275/mot_198384__00275_010.pdf,198384,ek,46,1
https://pdf.swedeb.se/riksdagen-motions-pdf/198485/mot_198485__02817/mot_198485__02817_001.pdf,198485,ek,37,1
https://pdf.swedeb.se/riksdagen-motions-pdf/198485/mot_198485__00723/mot_198485__00723_002.pdf,198485,ek,29,1
https://pdf.swedeb.se/riksdagen-motions-pdf/198485/mot_198485__02007/mot_198485__02007_001.pdf,198485,ek,40,1
https://pdf.swedeb.se/riksdagen-motions-pdf/198586/mot_198586_sk_00565/mot_198586_sk_00565_001.pdf,198586,ek,31,1
https://pdf.swedeb.se/riksdagen-motions-pdf/198586/mot_198586_ju_00623/mot_198586_ju_00623_001.pdf,198586,ek,31,1
https://pdf.swedeb.se/riksdagen-motions-pdf/198586/mot_198586__00508/mot_198586__00508_001.pdf,198586,ek,24,1
https://pdf.swedeb.se/riksdagen-motions-pdf/198687/mot_198687_kr_00107/mot_198687_kr_00107_001.pdf,198687,ek,31,1
https://pdf.swedeb.se/riksdagen-motions-pdf/198687/mot_198687_k_00112/mot_198687_k_00112_001.pdf,198687,ek,39,1
https://pdf.swedeb.se/riksdagen-motions-pdf/198687/mot_198687_sk_00128/mot_198687_sk_00128_002.pdf,198687,ek,40,1
https://pdf.swedeb.se/riksdagen-motions-pdf/198788/mot_198788_so_00614/mot_198788_so_00614_001.pdf,198788,ek,37,1
https://pdf.swedeb.se/riksdagen-motions-pdf/198788/mot_198788_jo_00301/mot_198788_jo_00301_008.pdf,198788,ek,46,1
https://pdf.swedeb.se/riksdagen-motions-pdf/198788/mot_198788_a_00608/mot_198788_a_00608_001.pdf,198788,ek,38,1
https://pdf.swedeb.se/riksdagen-motions-pdf/198889/mot_198889_k_00220/mot_198889_k_00220_004.pdf,198889,ek,44,1
https://pdf.swedeb.se/riksdagen-motions-pdf/198889/mot_198889_t_00215/mot_198889_t_00215_006.pdf,198889,ek,46,1
https://pdf.swedeb.se/riksdagen-motions-pdf/198889/mot_198889_jo_00603/mot_198889_jo_00603_004.pdf,198889,ek,23,1
https://pdf.swedeb.se/riksdagen-motions-pdf/198990/mot_198990_l_00017/mot_198990_l_00017_002.pdf,198990,ek,9,1
https://pdf.swedeb.se/riksdagen-motions-pdf/198990/mot_198990_bo_00033/mot_198990_bo_00033_005.pdf,198990,ek,10,1
https://pdf.swedeb.se/riksdagen-motions-pdf/198990/mot_198990_k_00625/mot_198990_k_00625_002.pdf,198990,ek,43,1
https://pdf.swedeb.se/riksdagen-motions-pdf/199091/mot_199091_JuU_00028/mot_199091_JuU_00028_001.pdf,199091,ek,27,1
https://pdf.swedeb.se/riksdagen-motions-pdf/199091/mot_199091_KrU_00519/mot_199091_KrU_00519_008.pdf,199091,ek,44,1
https://pdf.swedeb.se/riksdagen-motions-pdf/199091/mot_199091_KrU_00309/mot_199091_KrU_00309_002.pdf,199091,ek,8,1
https://pdf.swedeb.se/riksdagen-motions-pdf/199192/mot_199192_UU_00313/mot_199192_UU_00313_001.pdf,199192,ek,39,1
https://pdf.swedeb.se/riksdagen-motions-pdf/199192/mot_199192_FiU_00015/mot_199192_FiU_00015_010.pdf,199192,ek,44,1
https://pdf.swedeb.se/riksdagen-motions-pdf/199192/mot_199192_KU_00315/mot_199192_KU_00315_001.pdf,199192,ek,30,1
https://pdf.swedeb.se/riksdagen-motions-pdf/199394/mot_199394_BoU_00245/mot_199394_BoU_00245_002.pdf,199394,ek,10,1
https://pdf.swedeb.se/riksdagen-motions-pdf/199394/mot_199394_UbU_00691/mot_199394_UbU_00691_002.pdf,199394,ek,45,1
https://pdf.swedeb.se/riksdagen-motions-pdf/199394/mot_199394_AU_00701/mot_199394_AU_00701_001.pdf,199394,ek,39,1
https://pdf.swedeb.se/riksdagen-motions-pdf/199495/mot_199495_FöU_00202/mot_199495_FöU_00202_009.pdf,199495,ek,36,1
https://pdf.swedeb.se/riksdagen-motions-pdf/199495/mot_199495_FiU_00032/mot_199495_FiU_00032_027.pdf,199495,ek,53,1
https://pdf.swedeb.se/riksdagen-motions-pdf/199495/mot_199495_JoU_00048/mot_199495_JoU_00048_002.pdf,199495,ek,14,1
https://pdf.swedeb.se/riksdagen-motions-pdf/199596/mot_199596_FI_00102/mot_199596_FI_00102_002.pdf,199596,ek,47,1
https://pdf.swedeb.se/riksdagen-motions-pdf/199596/mot_199596_A_00033/mot_199596_A_00033_001.pdf,199596,ek,34,1
https://pdf.swedeb.se/riksdagen-motions-pdf/199596/mot_199596_FI_00017/mot_199596_FI_00017_018.pdf,199596,ek,42,1
https://pdf.swedeb.se/riksdagen-motions-pdf/199697/mot_199697_A_00421/mot_199697_A_00421_003.pdf,199697,ek,43,1
https://pdf.swedeb.se/riksdagen-motions-pdf/199697/mot_199697_A_00814/mot_199697_A_00814_001.pdf,199697,ek,39,1
https://pdf.swedeb.se/riksdagen-motions-pdf/199697/mot_199697_A_00049/mot_199697_A_00049_002.pdf,199697,ek,42,1
https://pdf.swedeb.se/riksdagen-motions-pdf/199798/mot_199798_A_00460/mot_199798_A_00460_049.pdf,199798,ek,44,1
https://pdf.swedeb.se/riksdagen-motions-pdf/199798/mot_199798_A_00020/mot_199798_A_00020_018.pdf,199798,ek,41,1
https://pdf.swedeb.se/riksdagen-motions-pdf/199798/mot_199798_A_00272/mot_199798_A_00272_001.pdf,199798,ek,38,1
https://pdf.swedeb.se/riksdagen-motions-pdf/199899/mot_199899_A_00601/mot_199899_A_00601_004.pdf,199899,ek,20,1
https://pdf.swedeb.se/riksdagen-motions-pdf/199899/mot_199899_A_00701/mot_199899_A_00701_002.pdf,199899,ek,24,1
https://pdf.swedeb.se/riksdagen-motions-pdf/199899/mot_199899_Bo_00237/mot_199899_Bo_00237_012.pdf,199899,ek,45,1
https://pdf.swedeb.se/riksdagen-motions-pdf/199900/mot_199900_Bo_00221/mot_199900_Bo_00221_001.pdf,199900,ek,33,1
https://pdf.swedeb.se/riksdagen-motions-pdf/199900/mot_199900_Bo_00231/mot_199900_Bo_00231_011.pdf,199900,ek,47,1
https://pdf.swedeb.se/riksdagen-motions-pdf/199900/mot_199900_A_00025/mot_199900_A_00025_002.pdf,199900,ek,25,1
https://pdf.swedeb.se/riksdagen-motions-pdf/200001/mot_200001_A_00007/mot_200001_A_00007_002.pdf,200001,ek,22,1
https://pdf.swedeb.se/riksdagen-motions-pdf/200001/mot_200001_Bo_00215/mot_200001_Bo_00215_002.pdf,200001,ek,29,1
https://pdf.swedeb.se/riksdagen-motions-pdf/200001/mot_200001_A_00243/mot_200001_A_00243_002.pdf,200001,ek,13,1
https://pdf.swedeb.se/riksdagen-motions-pdf/200102/mot_200102_A_00390/mot_200102_A_00390_005.pdf,200102,ek,36,1
https://pdf.swedeb.se/riksdagen-motions-pdf/200102/mot_200102_A_00315/mot_200102_A_00315_004.pdf,200102,ek,23,1
https://pdf.swedeb.se/riksdagen-motions-pdf/200102/mot_200102_Bo_00211/mot_200102_Bo_00211_003.pdf,200102,ek,25,1
https://pdf.swedeb.se/riksdagen-motions-pdf/200203/mot_200203_A_00324/mot_200203_A_00324_007.pdf,200203,ek,38,1
https://pdf.swedeb.se/riksdagen-motions-pdf/200203/mot_200203_A_00270/mot_200203_A_00270_003.pdf,200203,ek,47,1
https://pdf.swedeb.se/riksdagen-motions-pdf/200203/mot_200203_A_00215/mot_200203_A_00215_004.pdf,200203,ek,39,1
https://pdf.swedeb.se/riksdagen-motions-pdf/200405/mot_200405_A_00332/mot_200405_A_00332_001.pdf,200405,ek,32,1
https://pdf.swedeb.se/riksdagen-motions-pdf/200405/mot_200405_A_00215/mot_200405_A_00215_002.pdf,200405,ek,4,1
https://pdf.swedeb.se/riksdagen-motions-pdf/200405/mot_200405_A_00338/mot_200405_A_00338_006.pdf,200405,ek,12,1
https://pdf.swedeb.se/riksdagen-motions-pdf/200506/mot_200506_A_00420/mot_200506_A_00420_025.pdf,200506,ek,42,1
https://pdf.swedeb.se/riksdagen-motions-pdf/200506/mot_200506_A_00420/mot_200506_A_00420_003.pdf,200506,ek,45,1
https://pdf.swedeb.se/riksdagen-motions-pdf/200506/mot_200506_A_00217/mot_200506_A_00217_002.pdf,200506,ek,3,1
